INSERT INTO bank (id, bank_name) VALUES (1, 'БЕЛГАЗПРОМБАНК');
INSERT INTO bank (id, bank_name) VALUES (2, 'СТАТУСБАНК');
INSERT INTO bank (id, bank_name) VALUES (3, 'БЕЛАРУСБАНК');
INSERT INTO bank (id, bank_name) VALUES (4, 'БСБ БАНК');
INSERT INTO bank (id, bank_name) VALUES (5, 'ТК БАНК');
INSERT INTO bank (id, bank_name) VALUES (6, 'UP «СУПЕРКУРС»');
INSERT INTO bank (id, bank_name) VALUES (7, 'PARITETBANK');
INSERT INTO bank (id, bank_name) VALUES (8, 'АЛЬФА БАНК');
INSERT INTO bank (id, bank_name) VALUES (9, 'ТЕХНОБАНК');
INSERT INTO bank (id, bank_name) VALUES (10, 'МТБАНК');
INSERT INTO bank (id, bank_name) VALUES (11, 'БНБ-БАНК');
INSERT INTO bank (id, bank_name) VALUES (12, 'ОНЛАЙН-ОБМЕННИК NEMBO');
INSERT INTO bank (id, bank_name) VALUES (13, 'БАНК ВТБ (БЕЛАРУСЬ)');
INSERT INTO bank (id, bank_name) VALUES (14, 'БАНК РЕШЕНИЕ');
INSERT INTO bank (id, bank_name) VALUES (15, 'INSYNC BY ALFA-BANK');
INSERT INTO bank (id, bank_name) VALUES (16, 'ЦЕПТЕР БАНК');
INSERT INTO bank (id, bank_name) VALUES (17, 'БАНК ДАБРАБЫТ');
INSERT INTO bank (id, bank_name) VALUES (18, 'БАНК БЕЛВЭБ');
INSERT INTO bank (id, bank_name) VALUES (19, 'БЕЛИНВЕСТБАНК');
INSERT INTO bank (id, bank_name) VALUES (20, 'БЕЛАГРОПРОМБАНК');
INSERT INTO bank (id, bank_name) VALUES (21, 'ПРИОРБАНК');
INSERT INTO bank (id, bank_name) VALUES (22, 'IMBANKING.BY');
INSERT INTO bank (id, bank_name) VALUES (23, 'РРБ-БАНК');
INSERT INTO bank (id, bank_name) VALUES (24, 'СБЕР БАНК');
INSERT INTO bank (id, bank_name) VALUES (25, 'ПАРИТЕТБАНК');
INSERT INTO bank (id, bank_name) VALUES (26, 'ОПТИКУРС НКФО');
INSERT INTO bank (id, bank_name) VALUES (27, 'БТА БАНК');
INSERT INTO bank (id, bank_name) VALUES (28, 'MYFIN ОБМЕН');

INSERT INTO app_user (id, first_login_date, first_name, last_action_date, last_name, telegram_user_id, username, userstate) VALUES (1, '2023-06-20 11:22:52.742547', 'Алексей', '2023-06-22 10:18:33.772126', 'Смурага', 926023838, 'alexiandr009', 'BASIC_STATE');

INSERT INTO public.subscription (id, currency, timenotify, bank_id, user_id) VALUES (10, 'USD', '10:15:00', 3, 1);
INSERT INTO public.subscription (id, currency, timenotify, bank_id, user_id) VALUES (11, 'EUR', '14:05:00', 21, 1);

INSERT INTO currency_update_history (update_time) VALUES ('2023-06-16 12:54:22.493749');
INSERT INTO currency_update_history (update_time) VALUES ('2023-06-16 11:54:22.493749');
INSERT INTO currency_update_history (update_time) VALUES ('2023-06-16 10:54:22.493749');
INSERT INTO currency_update_history (update_time) VALUES ('2023-06-16 09:54:22.493749');

INSERT INTO currency_rate (id, currency, last_update, rate_buy, rate_sell, bank_id) VALUES (1, 'USD', '2023-05-23 10:54:22.493749', 2.93, 2.96, 1);
INSERT INTO currency_rate (id, currency, last_update, rate_buy, rate_sell, bank_id) VALUES (2, 'EUR', '2023-06-12 10:54:22.493749', 3.11, 3.19, 1);
INSERT INTO currency_rate (id, currency, last_update, rate_buy, rate_sell, bank_id) VALUES (3, 'RUB', '2023-06-12 10:54:22.493749', 2.70, 3.70, 1);
INSERT INTO currency_rate (id, currency, last_update, rate_buy, rate_sell, bank_id) VALUES (4, 'USD', '2023-06-12 10:54:22.536194', 2.94, 2.95, 2);
INSERT INTO currency_rate (id, currency, last_update, rate_buy, rate_sell, bank_id) VALUES (5, 'EUR', '2023-06-12 10:54:22.536194', 3.17, 3.18, 2);
INSERT INTO currency_rate (id, currency, last_update, rate_buy, rate_sell, bank_id) VALUES (6, 'RUB', '2023-06-12 10:54:22.536194', 2.70, 3.80, 2);
INSERT INTO currency_rate (id, currency, last_update, rate_buy, rate_sell, bank_id) VALUES (7, 'USD', '2023-06-12 10:54:22.541194', 2.91, 2.95, 3);
INSERT INTO currency_rate (id, currency, last_update, rate_buy, rate_sell, bank_id) VALUES (8, 'EUR', '2023-06-12 10:54:22.541194', 3.10, 3.18, 3);
INSERT INTO currency_rate (id, currency, last_update, rate_buy, rate_sell, bank_id) VALUES (9, 'RUB', '2023-06-12 10:54:22.541194', 2.70, 3.68, 3);
INSERT INTO currency_rate (id, currency, last_update, rate_buy, rate_sell, bank_id) VALUES (10, 'USD', '2023-06-12 10:54:22.544193', 2.94, 2.96, 4);
INSERT INTO currency_rate (id, currency, last_update, rate_buy, rate_sell, bank_id) VALUES (11, 'EUR', '2023-06-12 10:54:22.544193', 3.17, 3.21, 4);
INSERT INTO currency_rate (id, currency, last_update, rate_buy, rate_sell, bank_id) VALUES (12, 'RUB', '2023-06-12 10:54:22.544193', 2.70, 3.67, 4);
INSERT INTO currency_rate (id, currency, last_update, rate_buy, rate_sell, bank_id) VALUES (13, 'USD', '2023-06-12 10:54:22.548192', 2.94, 2.96, 5);
INSERT INTO currency_rate (id, currency, last_update, rate_buy, rate_sell, bank_id) VALUES (14, 'EUR', '2023-06-12 10:54:22.548192', 3.16, 3.19, 5);
INSERT INTO currency_rate (id, currency, last_update, rate_buy, rate_sell, bank_id) VALUES (15, 'RUB', '2023-06-12 10:54:22.548192', 2.70, 3.70, 5);
INSERT INTO currency_rate (id, currency, last_update, rate_buy, rate_sell, bank_id) VALUES (16, 'USD', '2023-06-12 10:54:22.552192', 2.94, 2.95, 6);
INSERT INTO currency_rate (id, currency, last_update, rate_buy, rate_sell, bank_id) VALUES (17, 'EUR', '2023-06-12 10:54:22.552192', 3.16, 3.19, 6);
INSERT INTO currency_rate (id, currency, last_update, rate_buy, rate_sell, bank_id) VALUES (18, 'USD', '2023-06-12 10:54:22.555192', 2.94, 2.95, 7);
INSERT INTO currency_rate (id, currency, last_update, rate_buy, rate_sell, bank_id) VALUES (19, 'EUR', '2023-06-12 10:54:22.555192', 3.16, 3.18, 7);
INSERT INTO currency_rate (id, currency, last_update, rate_buy, rate_sell, bank_id) VALUES (20, 'RUB', '2023-06-12 10:54:22.555192', 2.70, 3.96, 7);
INSERT INTO currency_rate (id, currency, last_update, rate_buy, rate_sell, bank_id) VALUES (21, 'USD', '2023-06-12 10:54:22.558193', 2.94, 2.95, 8);
INSERT INTO currency_rate (id, currency, last_update, rate_buy, rate_sell, bank_id) VALUES (22, 'EUR', '2023-06-12 10:54:22.558193', 3.15, 3.19, 8);
INSERT INTO currency_rate (id, currency, last_update, rate_buy, rate_sell, bank_id) VALUES (23, 'RUB', '2023-06-12 10:54:22.558193', 2.70, 3.64, 8);
INSERT INTO currency_rate (id, currency, last_update, rate_buy, rate_sell, bank_id) VALUES (24, 'USD', '2023-06-12 10:54:22.561193', 2.94, 2.95, 9);
INSERT INTO currency_rate (id, currency, last_update, rate_buy, rate_sell, bank_id) VALUES (25, 'EUR', '2023-06-12 10:54:22.561193', 3.16, 3.18, 9);
INSERT INTO currency_rate (id, currency, last_update, rate_buy, rate_sell, bank_id) VALUES (26, 'RUB', '2023-06-12 10:54:22.562193', 2.70, 3.70, 9);
INSERT INTO currency_rate (id, currency, last_update, rate_buy, rate_sell, bank_id) VALUES (27, 'USD', '2023-06-12 10:54:22.564193', 2.93, 2.96, 10);
INSERT INTO currency_rate (id, currency, last_update, rate_buy, rate_sell, bank_id) VALUES (28, 'EUR', '2023-06-12 10:54:22.564193', 3.13, 3.19, 10);
INSERT INTO currency_rate (id, currency, last_update, rate_buy, rate_sell, bank_id) VALUES (29, 'RUB', '2023-06-12 10:54:22.564193', 2.70, 3.70, 10);
INSERT INTO currency_rate (id, currency, last_update, rate_buy, rate_sell, bank_id) VALUES (30, 'USD', '2023-06-12 10:54:22.567193', 2.94, 2.95, 11);
INSERT INTO currency_rate (id, currency, last_update, rate_buy, rate_sell, bank_id) VALUES (31, 'EUR', '2023-06-12 10:54:22.567193', 3.17, 3.18, 11);
INSERT INTO currency_rate (id, currency, last_update, rate_buy, rate_sell, bank_id) VALUES (32, 'RUB', '2023-06-12 10:54:22.567193', 2.70, 3.63, 11);
INSERT INTO currency_rate (id, currency, last_update, rate_buy, rate_sell, bank_id) VALUES (33, 'USD', '2023-06-12 10:54:22.570193', 2.93, 2.95, 12);
INSERT INTO currency_rate (id, currency, last_update, rate_buy, rate_sell, bank_id) VALUES (34, 'EUR', '2023-06-12 10:54:22.570193', 3.14, 3.18, 12);
INSERT INTO currency_rate (id, currency, last_update, rate_buy, rate_sell, bank_id) VALUES (35, 'RUB', '2023-06-12 10:54:22.570193', 2.70, 3.67, 12);
INSERT INTO currency_rate (id, currency, last_update, rate_buy, rate_sell, bank_id) VALUES (36, 'USD', '2023-06-12 10:54:22.573192', 2.93, 2.95, 13);
INSERT INTO currency_rate (id, currency, last_update, rate_buy, rate_sell, bank_id) VALUES (37, 'EUR', '2023-06-12 10:54:22.573192', 3.16, 3.18, 13);
INSERT INTO currency_rate (id, currency, last_update, rate_buy, rate_sell, bank_id) VALUES (38, 'RUB', '2023-06-12 10:54:22.573192', 2.70, 3.65, 13);
INSERT INTO currency_rate (id, currency, last_update, rate_buy, rate_sell, bank_id) VALUES (39, 'USD', '2023-06-12 10:54:22.576193', 2.93, 2.96, 14);
INSERT INTO currency_rate (id, currency, last_update, rate_buy, rate_sell, bank_id) VALUES (40, 'EUR', '2023-06-12 10:54:22.576193', 3.13, 3.19, 14);
INSERT INTO currency_rate (id, currency, last_update, rate_buy, rate_sell, bank_id) VALUES (41, 'RUB', '2023-06-12 10:54:22.576193', 2.70, 3.70, 14);
INSERT INTO currency_rate (id, currency, last_update, rate_buy, rate_sell, bank_id) VALUES (42, 'USD', '2023-06-12 10:54:22.579193', 2.94, 2.96, 15);
INSERT INTO currency_rate (id, currency, last_update, rate_buy, rate_sell, bank_id) VALUES (43, 'EUR', '2023-06-12 10:54:22.579193', 3.15, 3.19, 15);
INSERT INTO currency_rate (id, currency, last_update, rate_buy, rate_sell, bank_id) VALUES (44, 'RUB', '2023-06-12 10:54:22.579193', 2.70, 3.64, 15);
INSERT INTO currency_rate (id, currency, last_update, rate_buy, rate_sell, bank_id) VALUES (45, 'USD', '2023-06-12 10:54:22.582192', 2.92, 2.95, 16);
INSERT INTO currency_rate (id, currency, last_update, rate_buy, rate_sell, bank_id) VALUES (46, 'EUR', '2023-06-12 10:54:22.582192', 3.06, 3.19, 16);
INSERT INTO currency_rate (id, currency, last_update, rate_buy, rate_sell, bank_id) VALUES (47, 'RUB', '2023-06-12 10:54:22.582192', 2.70, 3.65, 16);
INSERT INTO currency_rate (id, currency, last_update, rate_buy, rate_sell, bank_id) VALUES (48, 'USD', '2023-06-12 10:54:22.585193', 2.94, 2.96, 17);
INSERT INTO currency_rate (id, currency, last_update, rate_buy, rate_sell, bank_id) VALUES (49, 'EUR', '2023-06-12 10:54:22.585193', 3.15, 3.19, 17);
INSERT INTO currency_rate (id, currency, last_update, rate_buy, rate_sell, bank_id) VALUES (50, 'RUB', '2023-06-12 10:54:22.585193', 2.70, 3.68, 17);
INSERT INTO currency_rate (id, currency, last_update, rate_buy, rate_sell, bank_id) VALUES (51, 'USD', '2023-06-12 10:54:22.588193', 2.91, 2.96, 18);
INSERT INTO currency_rate (id, currency, last_update, rate_buy, rate_sell, bank_id) VALUES (52, 'EUR', '2023-06-12 10:54:22.588193', 3.10, 3.20, 18);
INSERT INTO currency_rate (id, currency, last_update, rate_buy, rate_sell, bank_id) VALUES (53, 'RUB', '2023-06-12 10:54:22.588193', 2.70, 3.64, 18);
INSERT INTO currency_rate (id, currency, last_update, rate_buy, rate_sell, bank_id) VALUES (54, 'USD', '2023-06-12 10:54:22.591192', 2.92, 2.96, 19);
INSERT INTO currency_rate (id, currency, last_update, rate_buy, rate_sell, bank_id) VALUES (55, 'EUR', '2023-06-12 10:54:22.591192', 3.09, 3.18, 19);
INSERT INTO currency_rate (id, currency, last_update, rate_buy, rate_sell, bank_id) VALUES (56, 'RUB', '2023-06-12 10:54:22.591192', 2.70, 3.64, 19);
INSERT INTO currency_rate (id, currency, last_update, rate_buy, rate_sell, bank_id) VALUES (57, 'USD', '2023-06-12 10:54:22.594193', 2.92, 2.96, 20);
INSERT INTO currency_rate (id, currency, last_update, rate_buy, rate_sell, bank_id) VALUES (58, 'EUR', '2023-06-12 10:54:22.594193', 3.06, 3.18, 20);
INSERT INTO currency_rate (id, currency, last_update, rate_buy, rate_sell, bank_id) VALUES (59, 'RUB', '2023-06-12 10:54:22.594193', 2.70, 3.68, 20);
INSERT INTO currency_rate (id, currency, last_update, rate_buy, rate_sell, bank_id) VALUES (60, 'USD', '2023-06-12 10:54:22.596192', 2.93, 2.98, 21);
INSERT INTO currency_rate (id, currency, last_update, rate_buy, rate_sell, bank_id) VALUES (61, 'EUR', '2023-06-12 10:54:22.596192', 3.15, 3.20, 21);
INSERT INTO currency_rate (id, currency, last_update, rate_buy, rate_sell, bank_id) VALUES (62, 'RUB', '2023-06-12 10:54:22.596192', 2.70, 3.68, 21);
INSERT INTO currency_rate (id, currency, last_update, rate_buy, rate_sell, bank_id) VALUES (63, 'USD', '2023-06-12 10:54:22.599192', 2.94, 2.95, 22);
INSERT INTO currency_rate (id, currency, last_update, rate_buy, rate_sell, bank_id) VALUES (64, 'EUR', '2023-06-12 10:54:22.599192', 3.17, 3.17, 22);
INSERT INTO currency_rate (id, currency, last_update, rate_buy, rate_sell, bank_id) VALUES (65, 'RUB', '2023-06-12 10:54:22.599192', 2.70, 3.63, 22);
INSERT INTO currency_rate (id, currency, last_update, rate_buy, rate_sell, bank_id) VALUES (66, 'USD', '2023-06-12 10:54:22.602193', 2.94, 2.95, 23);
INSERT INTO currency_rate (id, currency, last_update, rate_buy, rate_sell, bank_id) VALUES (67, 'EUR', '2023-06-12 10:54:22.602193', 3.16, 3.20, 23);
INSERT INTO currency_rate (id, currency, last_update, rate_buy, rate_sell, bank_id) VALUES (68, 'RUB', '2023-06-12 10:54:22.602193', 2.70, 3.64, 23);
INSERT INTO currency_rate (id, currency, last_update, rate_buy, rate_sell, bank_id) VALUES (69, 'USD', '2023-06-12 10:54:22.604192', 2.93, 2.96, 24);
INSERT INTO currency_rate (id, currency, last_update, rate_buy, rate_sell, bank_id) VALUES (70, 'EUR', '2023-06-12 10:54:22.604192', 3.15, 3.20, 24);
INSERT INTO currency_rate (id, currency, last_update, rate_buy, rate_sell, bank_id) VALUES (71, 'RUB', '2023-06-12 10:54:22.604192', 2.70, 3.65, 24);
INSERT INTO currency_rate (id, currency, last_update, rate_buy, rate_sell, bank_id) VALUES (72, 'USD', '2023-06-12 10:54:22.607195', 2.94, 2.95, 25);
INSERT INTO currency_rate (id, currency, last_update, rate_buy, rate_sell, bank_id) VALUES (73, 'EUR', '2023-06-12 10:54:22.607195', 3.16, 3.18, 25);
INSERT INTO currency_rate (id, currency, last_update, rate_buy, rate_sell, bank_id) VALUES (74, 'RUB', '2023-06-12 10:54:22.607195', 2.70, 3.96, 25);
INSERT INTO currency_rate (id, currency, last_update, rate_buy, rate_sell, bank_id) VALUES (75, 'USD', '2023-06-12 10:54:22.609193', 2.94, 2.95, 26);
INSERT INTO currency_rate (id, currency, last_update, rate_buy, rate_sell, bank_id) VALUES (76, 'EUR', '2023-06-12 10:54:22.609193', 3.17, 3.18, 26);
INSERT INTO currency_rate (id, currency, last_update, rate_buy, rate_sell, bank_id) VALUES (77, 'RUB', '2023-06-12 10:54:22.609193', 2.70, 3.63, 26);
INSERT INTO currency_rate (id, currency, last_update, rate_buy, rate_sell, bank_id) VALUES (78, 'USD', '2023-06-12 10:54:22.612193', 2.92, 2.95, 27);
INSERT INTO currency_rate (id, currency, last_update, rate_buy, rate_sell, bank_id) VALUES (79, 'EUR', '2023-06-12 10:54:22.612193', 3.15, 3.20, 27);
INSERT INTO currency_rate (id, currency, last_update, rate_buy, rate_sell, bank_id) VALUES (80, 'RUB', '2023-06-12 10:54:22.612193', 2.70, 3.64, 27);
INSERT INTO currency_rate (id, currency, last_update, rate_buy, rate_sell, bank_id) VALUES (81, 'USD', '2023-06-12 10:54:22.615193', 2.93, 2.95, 28);
INSERT INTO currency_rate (id, currency, last_update, rate_buy, rate_sell, bank_id) VALUES (82, 'EUR', '2023-06-12 10:54:22.615193', 3.14, 3.18, 28);
INSERT INTO currency_rate (id, currency, last_update, rate_buy, rate_sell, bank_id) VALUES (83, 'RUB', '2023-06-12 10:54:22.615193', 2.70, 3.67, 28);
INSERT INTO currency_rate (id, currency, last_update, rate_buy, rate_sell, bank_id) VALUES (84, 'USD', '2023-06-13 09:31:24.920112', 2.94, 2.96, 1);
INSERT INTO currency_rate (id, currency, last_update, rate_buy, rate_sell, bank_id) VALUES (85, 'EUR', '2023-06-13 09:31:24.920112', 3.11, 3.19, 1);
INSERT INTO currency_rate (id, currency, last_update, rate_buy, rate_sell, bank_id) VALUES (86, 'RUB', '2023-06-13 09:31:24.920112', 2.70, 3.70, 1);
INSERT INTO currency_rate (id, currency, last_update, rate_buy, rate_sell, bank_id) VALUES (87, 'USD', '2023-06-13 09:31:24.956111', 2.95, 2.97, 2);
INSERT INTO currency_rate (id, currency, last_update, rate_buy, rate_sell, bank_id) VALUES (88, 'EUR', '2023-06-13 09:31:24.956111', 3.18, 3.20, 2);
INSERT INTO currency_rate (id, currency, last_update, rate_buy, rate_sell, bank_id) VALUES (89, 'RUB', '2023-06-13 09:31:24.956111', 2.70, 3.80, 2);
INSERT INTO currency_rate (id, currency, last_update, rate_buy, rate_sell, bank_id) VALUES (90, 'USD', '2023-06-13 09:31:24.962112', 2.92, 2.97, 3);
INSERT INTO currency_rate (id, currency, last_update, rate_buy, rate_sell, bank_id) VALUES (91, 'EUR', '2023-06-13 09:31:24.962112', 3.11, 3.19, 3);
INSERT INTO currency_rate (id, currency, last_update, rate_buy, rate_sell, bank_id) VALUES (92, 'RUB', '2023-06-13 09:31:24.962112', 2.70, 3.67, 3);
INSERT INTO currency_rate (id, currency, last_update, rate_buy, rate_sell, bank_id) VALUES (93, 'USD', '2023-06-13 09:31:24.967112', 2.95, 2.96, 4);
INSERT INTO currency_rate (id, currency, last_update, rate_buy, rate_sell, bank_id) VALUES (94, 'EUR', '2023-06-13 09:31:24.967112', 3.18, 3.22, 4);
INSERT INTO currency_rate (id, currency, last_update, rate_buy, rate_sell, bank_id) VALUES (95, 'RUB', '2023-06-13 09:31:24.967112', 2.70, 3.68, 4);
INSERT INTO currency_rate (id, currency, last_update, rate_buy, rate_sell, bank_id) VALUES (96, 'USD', '2023-06-13 09:31:24.972112', 2.94, 2.96, 5);
INSERT INTO currency_rate (id, currency, last_update, rate_buy, rate_sell, bank_id) VALUES (97, 'EUR', '2023-06-13 09:31:24.972112', 3.16, 3.19, 5);
INSERT INTO currency_rate (id, currency, last_update, rate_buy, rate_sell, bank_id) VALUES (98, 'RUB', '2023-06-13 09:31:24.972112', 2.70, 3.70, 5);
INSERT INTO currency_rate (id, currency, last_update, rate_buy, rate_sell, bank_id) VALUES (99, 'USD', '2023-06-13 09:31:24.977112', 2.95, 2.97, 6);
INSERT INTO currency_rate (id, currency, last_update, rate_buy, rate_sell, bank_id) VALUES (100, 'EUR', '2023-06-13 09:31:24.977112', 3.18, 3.21, 6);
INSERT INTO currency_rate (id, currency, last_update, rate_buy, rate_sell, bank_id) VALUES (101, 'USD', '2023-06-13 09:31:24.981111', 2.95, 2.96, 7);
INSERT INTO currency_rate (id, currency, last_update, rate_buy, rate_sell, bank_id) VALUES (102, 'EUR', '2023-06-13 09:31:24.981111', 3.16, 3.20, 7);
INSERT INTO currency_rate (id, currency, last_update, rate_buy, rate_sell, bank_id) VALUES (103, 'RUB', '2023-06-13 09:31:24.981111', 2.70, 3.96, 7);
INSERT INTO currency_rate (id, currency, last_update, rate_buy, rate_sell, bank_id) VALUES (104, 'USD', '2023-06-13 09:31:24.985112', 2.94, 2.98, 8);
INSERT INTO currency_rate (id, currency, last_update, rate_buy, rate_sell, bank_id) VALUES (105, 'EUR', '2023-06-13 09:31:24.985112', 3.16, 3.21, 8);
INSERT INTO currency_rate (id, currency, last_update, rate_buy, rate_sell, bank_id) VALUES (106, 'RUB', '2023-06-13 09:31:24.985112', 2.70, 3.63, 8);
INSERT INTO currency_rate (id, currency, last_update, rate_buy, rate_sell, bank_id) VALUES (107, 'USD', '2023-06-13 09:31:24.989111', 2.95, 2.96, 9);
INSERT INTO currency_rate (id, currency, last_update, rate_buy, rate_sell, bank_id) VALUES (108, 'EUR', '2023-06-13 09:31:24.989111', 3.18, 3.20, 9);
INSERT INTO currency_rate (id, currency, last_update, rate_buy, rate_sell, bank_id) VALUES (109, 'RUB', '2023-06-13 09:31:24.989111', 2.70, 3.70, 9);
INSERT INTO currency_rate (id, currency, last_update, rate_buy, rate_sell, bank_id) VALUES (110, 'USD', '2023-06-13 09:31:24.994111', 2.94, 2.96, 10);
INSERT INTO currency_rate (id, currency, last_update, rate_buy, rate_sell, bank_id) VALUES (111, 'EUR', '2023-06-13 09:31:24.994111', 3.15, 3.22, 10);
INSERT INTO currency_rate (id, currency, last_update, rate_buy, rate_sell, bank_id) VALUES (112, 'RUB', '2023-06-13 09:31:24.994111', 2.70, 3.70, 10);
INSERT INTO currency_rate (id, currency, last_update, rate_buy, rate_sell, bank_id) VALUES (113, 'USD', '2023-06-13 09:31:24.997111', 2.95, 2.96, 11);
INSERT INTO currency_rate (id, currency, last_update, rate_buy, rate_sell, bank_id) VALUES (114, 'EUR', '2023-06-13 09:31:24.997111', 3.18, 3.20, 11);
INSERT INTO currency_rate (id, currency, last_update, rate_buy, rate_sell, bank_id) VALUES (115, 'RUB', '2023-06-13 09:31:24.997111', 2.70, 3.63, 11);
INSERT INTO currency_rate (id, currency, last_update, rate_buy, rate_sell, bank_id) VALUES (116, 'USD', '2023-06-13 09:31:25.001111', 2.94, 2.96, 12);
INSERT INTO currency_rate (id, currency, last_update, rate_buy, rate_sell, bank_id) VALUES (117, 'EUR', '2023-06-13 09:31:25.001111', 3.15, 3.22, 12);
INSERT INTO currency_rate (id, currency, last_update, rate_buy, rate_sell, bank_id) VALUES (118, 'RUB', '2023-06-13 09:31:25.001111', 2.70, 3.69, 12);
INSERT INTO currency_rate (id, currency, last_update, rate_buy, rate_sell, bank_id) VALUES (119, 'USD', '2023-06-13 09:31:25.005112', 2.95, 2.97, 13);
INSERT INTO currency_rate (id, currency, last_update, rate_buy, rate_sell, bank_id) VALUES (120, 'EUR', '2023-06-13 09:31:25.005112', 3.16, 3.20, 13);
INSERT INTO currency_rate (id, currency, last_update, rate_buy, rate_sell, bank_id) VALUES (121, 'RUB', '2023-06-13 09:31:25.005112', 2.70, 3.63, 13);
INSERT INTO currency_rate (id, currency, last_update, rate_buy, rate_sell, bank_id) VALUES (122, 'USD', '2023-06-13 09:31:25.008111', 2.94, 2.98, 14);
INSERT INTO currency_rate (id, currency, last_update, rate_buy, rate_sell, bank_id) VALUES (123, 'EUR', '2023-06-13 09:31:25.008111', 3.14, 3.22, 14);
INSERT INTO currency_rate (id, currency, last_update, rate_buy, rate_sell, bank_id) VALUES (124, 'RUB', '2023-06-13 09:31:25.008111', 2.70, 3.70, 14);
INSERT INTO currency_rate (id, currency, last_update, rate_buy, rate_sell, bank_id) VALUES (125, 'USD', '2023-06-13 09:31:25.011111', 2.94, 2.97, 15);
INSERT INTO currency_rate (id, currency, last_update, rate_buy, rate_sell, bank_id) VALUES (126, 'EUR', '2023-06-13 09:31:25.011111', 3.16, 3.21, 15);
INSERT INTO currency_rate (id, currency, last_update, rate_buy, rate_sell, bank_id) VALUES (127, 'RUB', '2023-06-13 09:31:25.011111', 2.70, 3.63, 15);
INSERT INTO currency_rate (id, currency, last_update, rate_buy, rate_sell, bank_id) VALUES (128, 'USD', '2023-06-13 09:31:25.015111', 2.94, 2.96, 16);
INSERT INTO currency_rate (id, currency, last_update, rate_buy, rate_sell, bank_id) VALUES (129, 'EUR', '2023-06-13 09:31:25.015111', 3.10, 3.20, 16);
INSERT INTO currency_rate (id, currency, last_update, rate_buy, rate_sell, bank_id) VALUES (130, 'RUB', '2023-06-13 09:31:25.015111', 2.70, 3.62, 16);
INSERT INTO currency_rate (id, currency, last_update, rate_buy, rate_sell, bank_id) VALUES (131, 'USD', '2023-06-13 09:31:25.018112', 2.95, 2.97, 17);
INSERT INTO currency_rate (id, currency, last_update, rate_buy, rate_sell, bank_id) VALUES (132, 'EUR', '2023-06-13 09:31:25.018112', 3.17, 3.21, 17);
INSERT INTO currency_rate (id, currency, last_update, rate_buy, rate_sell, bank_id) VALUES (133, 'RUB', '2023-06-13 09:31:25.018112', 2.70, 3.65, 17);
INSERT INTO currency_rate (id, currency, last_update, rate_buy, rate_sell, bank_id) VALUES (134, 'USD', '2023-06-13 09:31:25.022111', 2.94, 2.98, 18);
INSERT INTO currency_rate (id, currency, last_update, rate_buy, rate_sell, bank_id) VALUES (135, 'EUR', '2023-06-13 09:31:25.022111', 3.15, 3.22, 18);
INSERT INTO currency_rate (id, currency, last_update, rate_buy, rate_sell, bank_id) VALUES (136, 'RUB', '2023-06-13 09:31:25.022111', 2.70, 3.63, 18);
INSERT INTO currency_rate (id, currency, last_update, rate_buy, rate_sell, bank_id) VALUES (137, 'USD', '2023-06-13 09:31:25.025111', 2.93, 2.96, 19);
INSERT INTO currency_rate (id, currency, last_update, rate_buy, rate_sell, bank_id) VALUES (138, 'EUR', '2023-06-13 09:31:25.025111', 3.11, 3.19, 19);
INSERT INTO currency_rate (id, currency, last_update, rate_buy, rate_sell, bank_id) VALUES (139, 'RUB', '2023-06-13 09:31:25.025111', 2.70, 3.63, 19);
INSERT INTO currency_rate (id, currency, last_update, rate_buy, rate_sell, bank_id) VALUES (140, 'USD', '2023-06-13 09:31:25.028112', 2.93, 2.96, 20);
INSERT INTO currency_rate (id, currency, last_update, rate_buy, rate_sell, bank_id) VALUES (141, 'EUR', '2023-06-13 09:31:25.028112', 3.06, 3.19, 20);
INSERT INTO currency_rate (id, currency, last_update, rate_buy, rate_sell, bank_id) VALUES (142, 'RUB', '2023-06-13 09:31:25.028112', 2.70, 3.65, 20);
INSERT INTO currency_rate (id, currency, last_update, rate_buy, rate_sell, bank_id) VALUES (143, 'USD', '2023-06-13 09:31:25.032112', 2.94, 2.98, 21);
INSERT INTO currency_rate (id, currency, last_update, rate_buy, rate_sell, bank_id) VALUES (144, 'EUR', '2023-06-13 09:31:25.032112', 3.16, 3.21, 21);
INSERT INTO currency_rate (id, currency, last_update, rate_buy, rate_sell, bank_id) VALUES (145, 'RUB', '2023-06-13 09:31:25.032112', 2.70, 3.67, 21);
INSERT INTO currency_rate (id, currency, last_update, rate_buy, rate_sell, bank_id) VALUES (146, 'USD', '2023-06-13 09:31:25.035111', 2.95, 2.96, 22);
INSERT INTO currency_rate (id, currency, last_update, rate_buy, rate_sell, bank_id) VALUES (147, 'EUR', '2023-06-13 09:31:25.035111', 3.18, 3.20, 22);
INSERT INTO currency_rate (id, currency, last_update, rate_buy, rate_sell, bank_id) VALUES (148, 'RUB', '2023-06-13 09:31:25.035111', 2.70, 3.62, 22);
INSERT INTO currency_rate (id, currency, last_update, rate_buy, rate_sell, bank_id) VALUES (149, 'USD', '2023-06-13 09:31:25.038112', 2.95, 2.97, 23);
INSERT INTO currency_rate (id, currency, last_update, rate_buy, rate_sell, bank_id) VALUES (150, 'EUR', '2023-06-13 09:31:25.038112', 3.18, 3.21, 23);
INSERT INTO currency_rate (id, currency, last_update, rate_buy, rate_sell, bank_id) VALUES (151, 'RUB', '2023-06-13 09:31:25.038112', 2.70, 3.63, 23);
INSERT INTO currency_rate (id, currency, last_update, rate_buy, rate_sell, bank_id) VALUES (152, 'USD', '2023-06-13 09:31:25.041112', 2.94, 2.97, 24);
INSERT INTO currency_rate (id, currency, last_update, rate_buy, rate_sell, bank_id) VALUES (153, 'EUR', '2023-06-13 09:31:25.041112', 3.15, 3.20, 24);
INSERT INTO currency_rate (id, currency, last_update, rate_buy, rate_sell, bank_id) VALUES (154, 'RUB', '2023-06-13 09:31:25.041112', 2.70, 3.63, 24);
INSERT INTO currency_rate (id, currency, last_update, rate_buy, rate_sell, bank_id) VALUES (155, 'USD', '2023-06-13 09:31:25.044112', 2.95, 2.96, 25);
INSERT INTO currency_rate (id, currency, last_update, rate_buy, rate_sell, bank_id) VALUES (156, 'EUR', '2023-06-13 09:31:25.045111', 3.16, 3.20, 25);
INSERT INTO currency_rate (id, currency, last_update, rate_buy, rate_sell, bank_id) VALUES (157, 'RUB', '2023-06-13 09:31:25.045111', 2.70, 3.96, 25);
INSERT INTO currency_rate (id, currency, last_update, rate_buy, rate_sell, bank_id) VALUES (158, 'USD', '2023-06-13 09:31:25.047112', 2.95, 2.96, 26);
INSERT INTO currency_rate (id, currency, last_update, rate_buy, rate_sell, bank_id) VALUES (159, 'EUR', '2023-06-13 09:31:25.047112', 3.18, 3.19, 26);
INSERT INTO currency_rate (id, currency, last_update, rate_buy, rate_sell, bank_id) VALUES (160, 'RUB', '2023-06-13 09:31:25.047112', 2.70, 3.63, 26);
INSERT INTO currency_rate (id, currency, last_update, rate_buy, rate_sell, bank_id) VALUES (161, 'USD', '2023-06-13 09:31:25.050111', 2.93, 2.97, 27);
INSERT INTO currency_rate (id, currency, last_update, rate_buy, rate_sell, bank_id) VALUES (162, 'EUR', '2023-06-13 09:31:25.050111', 3.16, 3.21, 27);
INSERT INTO currency_rate (id, currency, last_update, rate_buy, rate_sell, bank_id) VALUES (163, 'RUB', '2023-06-13 09:31:25.050111', 2.70, 3.62, 27);
INSERT INTO currency_rate (id, currency, last_update, rate_buy, rate_sell, bank_id) VALUES (164, 'USD', '2023-06-13 09:31:25.053112', 2.94, 2.96, 28);
INSERT INTO currency_rate (id, currency, last_update, rate_buy, rate_sell, bank_id) VALUES (165, 'EUR', '2023-06-13 09:31:25.053112', 3.15, 3.22, 28);
INSERT INTO currency_rate (id, currency, last_update, rate_buy, rate_sell, bank_id) VALUES (166, 'RUB', '2023-06-13 09:31:25.053112', 2.70, 3.69, 28);
INSERT INTO currency_rate (id, currency, last_update, rate_buy, rate_sell, bank_id) VALUES (167, 'USD', '2023-06-13 11:40:38.076294', 2.94, 2.96, 1);
INSERT INTO currency_rate (id, currency, last_update, rate_buy, rate_sell, bank_id) VALUES (168, 'EUR', '2023-06-13 11:40:38.076294', 3.11, 3.19, 1);
INSERT INTO currency_rate (id, currency, last_update, rate_buy, rate_sell, bank_id) VALUES (169, 'RUB', '2023-06-13 11:40:38.076294', 2.70, 3.70, 1);
INSERT INTO currency_rate (id, currency, last_update, rate_buy, rate_sell, bank_id) VALUES (170, 'USD', '2023-06-13 11:40:38.128474', 2.96, 2.98, 2);
INSERT INTO currency_rate (id, currency, last_update, rate_buy, rate_sell, bank_id) VALUES (171, 'EUR', '2023-06-13 11:40:38.128474', 3.19, 3.21, 2);
INSERT INTO currency_rate (id, currency, last_update, rate_buy, rate_sell, bank_id) VALUES (172, 'RUB', '2023-06-13 11:40:38.128474', 2.70, 3.80, 2);
INSERT INTO currency_rate (id, currency, last_update, rate_buy, rate_sell, bank_id) VALUES (173, 'USD', '2023-06-13 11:40:38.134475', 2.95, 2.97, 3);
INSERT INTO currency_rate (id, currency, last_update, rate_buy, rate_sell, bank_id) VALUES (174, 'EUR', '2023-06-13 11:40:38.134475', 3.15, 3.19, 3);
INSERT INTO currency_rate (id, currency, last_update, rate_buy, rate_sell, bank_id) VALUES (175, 'RUB', '2023-06-13 11:40:38.134475', 2.70, 3.66, 3);
INSERT INTO currency_rate (id, currency, last_update, rate_buy, rate_sell, bank_id) VALUES (176, 'USD', '2023-06-13 11:40:38.138475', 2.96, 2.98, 4);
INSERT INTO currency_rate (id, currency, last_update, rate_buy, rate_sell, bank_id) VALUES (177, 'EUR', '2023-06-13 11:40:38.139474', 3.19, 3.23, 4);
INSERT INTO currency_rate (id, currency, last_update, rate_buy, rate_sell, bank_id) VALUES (178, 'RUB', '2023-06-13 11:40:38.139474', 2.70, 3.68, 4);
INSERT INTO currency_rate (id, currency, last_update, rate_buy, rate_sell, bank_id) VALUES (179, 'USD', '2023-06-13 11:40:38.143475', 2.96, 2.98, 5);
INSERT INTO currency_rate (id, currency, last_update, rate_buy, rate_sell, bank_id) VALUES (180, 'EUR', '2023-06-13 11:40:38.143475', 3.18, 3.22, 5);
INSERT INTO currency_rate (id, currency, last_update, rate_buy, rate_sell, bank_id) VALUES (181, 'RUB', '2023-06-13 11:40:38.143475', 2.70, 3.70, 5);
INSERT INTO currency_rate (id, currency, last_update, rate_buy, rate_sell, bank_id) VALUES (182, 'USD', '2023-06-13 11:40:38.147474', 2.97, 2.99, 6);
INSERT INTO currency_rate (id, currency, last_update, rate_buy, rate_sell, bank_id) VALUES (183, 'EUR', '2023-06-13 11:40:38.147474', 3.18, 3.23, 6);
INSERT INTO currency_rate (id, currency, last_update, rate_buy, rate_sell, bank_id) VALUES (184, 'USD', '2023-06-13 11:40:38.151475', 2.95, 2.97, 7);
INSERT INTO currency_rate (id, currency, last_update, rate_buy, rate_sell, bank_id) VALUES (185, 'EUR', '2023-06-13 11:40:38.151475', 3.17, 3.21, 7);
INSERT INTO currency_rate (id, currency, last_update, rate_buy, rate_sell, bank_id) VALUES (186, 'RUB', '2023-06-13 11:40:38.151475', 2.70, 3.96, 7);
INSERT INTO currency_rate (id, currency, last_update, rate_buy, rate_sell, bank_id) VALUES (187, 'USD', '2023-06-13 11:40:38.155475', 2.96, 3.00, 8);
INSERT INTO currency_rate (id, currency, last_update, rate_buy, rate_sell, bank_id) VALUES (188, 'EUR', '2023-06-13 11:40:38.155475', 3.20, 3.25, 8);
INSERT INTO currency_rate (id, currency, last_update, rate_buy, rate_sell, bank_id) VALUES (189, 'RUB', '2023-06-13 11:40:38.155475', 2.70, 3.61, 8);
INSERT INTO currency_rate (id, currency, last_update, rate_buy, rate_sell, bank_id) VALUES (190, 'USD', '2023-06-13 11:40:38.158474', 2.97, 2.99, 9);
INSERT INTO currency_rate (id, currency, last_update, rate_buy, rate_sell, bank_id) VALUES (191, 'EUR', '2023-06-13 11:40:38.158474', 3.20, 3.24, 9);
INSERT INTO currency_rate (id, currency, last_update, rate_buy, rate_sell, bank_id) VALUES (192, 'RUB', '2023-06-13 11:40:38.158474', 2.70, 3.70, 9);
INSERT INTO currency_rate (id, currency, last_update, rate_buy, rate_sell, bank_id) VALUES (193, 'USD', '2023-06-13 11:40:38.162475', 2.95, 2.98, 10);
INSERT INTO currency_rate (id, currency, last_update, rate_buy, rate_sell, bank_id) VALUES (194, 'EUR', '2023-06-13 11:40:38.162475', 3.16, 3.23, 10);
INSERT INTO currency_rate (id, currency, last_update, rate_buy, rate_sell, bank_id) VALUES (195, 'RUB', '2023-06-13 11:40:38.162475', 2.70, 3.70, 10);
INSERT INTO currency_rate (id, currency, last_update, rate_buy, rate_sell, bank_id) VALUES (196, 'USD', '2023-06-13 11:40:38.166476', 2.96, 3.00, 11);
INSERT INTO currency_rate (id, currency, last_update, rate_buy, rate_sell, bank_id) VALUES (197, 'EUR', '2023-06-13 11:40:38.166476', 3.20, 3.24, 11);
INSERT INTO currency_rate (id, currency, last_update, rate_buy, rate_sell, bank_id) VALUES (198, 'RUB', '2023-06-13 11:40:38.166476', 2.70, 3.61, 11);
INSERT INTO currency_rate (id, currency, last_update, rate_buy, rate_sell, bank_id) VALUES (199, 'USD', '2023-06-13 11:40:38.169475', 2.94, 2.98, 12);
INSERT INTO currency_rate (id, currency, last_update, rate_buy, rate_sell, bank_id) VALUES (200, 'EUR', '2023-06-13 11:40:38.169475', 3.17, 3.22, 12);
INSERT INTO currency_rate (id, currency, last_update, rate_buy, rate_sell, bank_id) VALUES (201, 'RUB', '2023-06-13 11:40:38.169475', 2.70, 3.67, 12);
INSERT INTO currency_rate (id, currency, last_update, rate_buy, rate_sell, bank_id) VALUES (202, 'USD', '2023-06-13 11:40:38.173474', 2.96, 2.99, 13);
INSERT INTO currency_rate (id, currency, last_update, rate_buy, rate_sell, bank_id) VALUES (203, 'EUR', '2023-06-13 11:40:38.173474', 3.18, 3.22, 13);
INSERT INTO currency_rate (id, currency, last_update, rate_buy, rate_sell, bank_id) VALUES (204, 'RUB', '2023-06-13 11:40:38.173474', 2.70, 3.63, 13);
INSERT INTO currency_rate (id, currency, last_update, rate_buy, rate_sell, bank_id) VALUES (205, 'USD', '2023-06-13 11:40:38.176475', 2.95, 2.99, 14);
INSERT INTO currency_rate (id, currency, last_update, rate_buy, rate_sell, bank_id) VALUES (206, 'EUR', '2023-06-13 11:40:38.176475', 3.16, 3.23, 14);
INSERT INTO currency_rate (id, currency, last_update, rate_buy, rate_sell, bank_id) VALUES (207, 'RUB', '2023-06-13 11:40:38.176475', 2.70, 3.70, 14);
INSERT INTO currency_rate (id, currency, last_update, rate_buy, rate_sell, bank_id) VALUES (208, 'USD', '2023-06-13 11:40:38.180475', 2.96, 3.00, 15);
INSERT INTO currency_rate (id, currency, last_update, rate_buy, rate_sell, bank_id) VALUES (209, 'EUR', '2023-06-13 11:40:38.180475', 3.20, 3.24, 15);
INSERT INTO currency_rate (id, currency, last_update, rate_buy, rate_sell, bank_id) VALUES (210, 'RUB', '2023-06-13 11:40:38.180475', 2.70, 3.61, 15);
INSERT INTO currency_rate (id, currency, last_update, rate_buy, rate_sell, bank_id) VALUES (211, 'USD', '2023-06-13 11:40:38.183476', 2.94, 2.99, 16);
INSERT INTO currency_rate (id, currency, last_update, rate_buy, rate_sell, bank_id) VALUES (212, 'EUR', '2023-06-13 11:40:38.183476', 3.10, 3.25, 16);
INSERT INTO currency_rate (id, currency, last_update, rate_buy, rate_sell, bank_id) VALUES (213, 'RUB', '2023-06-13 11:40:38.183476', 2.70, 3.61, 16);
INSERT INTO currency_rate (id, currency, last_update, rate_buy, rate_sell, bank_id) VALUES (214, 'USD', '2023-06-13 11:40:38.187475', 2.95, 2.97, 17);
INSERT INTO currency_rate (id, currency, last_update, rate_buy, rate_sell, bank_id) VALUES (215, 'EUR', '2023-06-13 11:40:38.187475', 3.17, 3.21, 17);
INSERT INTO currency_rate (id, currency, last_update, rate_buy, rate_sell, bank_id) VALUES (216, 'RUB', '2023-06-13 11:40:38.187475', 2.70, 3.65, 17);
INSERT INTO currency_rate (id, currency, last_update, rate_buy, rate_sell, bank_id) VALUES (217, 'USD', '2023-06-13 11:40:38.190475', 2.94, 3.00, 18);
INSERT INTO currency_rate (id, currency, last_update, rate_buy, rate_sell, bank_id) VALUES (218, 'EUR', '2023-06-13 11:40:38.190475', 3.15, 3.23, 18);
INSERT INTO currency_rate (id, currency, last_update, rate_buy, rate_sell, bank_id) VALUES (219, 'RUB', '2023-06-13 11:40:38.190475', 2.70, 3.63, 18);
INSERT INTO currency_rate (id, currency, last_update, rate_buy, rate_sell, bank_id) VALUES (220, 'USD', '2023-06-13 11:40:38.193476', 2.95, 2.99, 19);
INSERT INTO currency_rate (id, currency, last_update, rate_buy, rate_sell, bank_id) VALUES (221, 'EUR', '2023-06-13 11:40:38.193476', 3.14, 3.22, 19);
INSERT INTO currency_rate (id, currency, last_update, rate_buy, rate_sell, bank_id) VALUES (222, 'RUB', '2023-06-13 11:40:38.193476', 2.70, 3.63, 19);
INSERT INTO currency_rate (id, currency, last_update, rate_buy, rate_sell, bank_id) VALUES (223, 'USD', '2023-06-13 11:40:38.197476', 2.93, 2.99, 20);
INSERT INTO currency_rate (id, currency, last_update, rate_buy, rate_sell, bank_id) VALUES (224, 'EUR', '2023-06-13 11:40:38.197476', 3.08, 3.22, 20);
INSERT INTO currency_rate (id, currency, last_update, rate_buy, rate_sell, bank_id) VALUES (225, 'RUB', '2023-06-13 11:40:38.197476', 2.70, 3.65, 20);
INSERT INTO currency_rate (id, currency, last_update, rate_buy, rate_sell, bank_id) VALUES (226, 'USD', '2023-06-13 11:40:38.200477', 2.95, 3.00, 21);
INSERT INTO currency_rate (id, currency, last_update, rate_buy, rate_sell, bank_id) VALUES (227, 'EUR', '2023-06-13 11:40:38.200477', 3.18, 3.24, 21);
INSERT INTO currency_rate (id, currency, last_update, rate_buy, rate_sell, bank_id) VALUES (228, 'RUB', '2023-06-13 11:40:38.200477', 2.70, 3.67, 21);
INSERT INTO currency_rate (id, currency, last_update, rate_buy, rate_sell, bank_id) VALUES (229, 'USD', '2023-06-13 11:40:38.203477', 2.96, 2.99, 22);
INSERT INTO currency_rate (id, currency, last_update, rate_buy, rate_sell, bank_id) VALUES (230, 'EUR', '2023-06-13 11:40:38.203477', 3.20, 3.23, 22);
INSERT INTO currency_rate (id, currency, last_update, rate_buy, rate_sell, bank_id) VALUES (231, 'RUB', '2023-06-13 11:40:38.203477', 2.70, 3.61, 22);
INSERT INTO currency_rate (id, currency, last_update, rate_buy, rate_sell, bank_id) VALUES (232, 'USD', '2023-06-13 11:40:38.206476', 2.96, 2.98, 23);
INSERT INTO currency_rate (id, currency, last_update, rate_buy, rate_sell, bank_id) VALUES (233, 'EUR', '2023-06-13 11:40:38.206476', 3.18, 3.21, 23);
INSERT INTO currency_rate (id, currency, last_update, rate_buy, rate_sell, bank_id) VALUES (234, 'RUB', '2023-06-13 11:40:38.206476', 2.70, 3.62, 23);
INSERT INTO currency_rate (id, currency, last_update, rate_buy, rate_sell, bank_id) VALUES (235, 'USD', '2023-06-13 11:40:38.210475', 2.94, 3.00, 24);
INSERT INTO currency_rate (id, currency, last_update, rate_buy, rate_sell, bank_id) VALUES (236, 'EUR', '2023-06-13 11:40:38.210475', 3.16, 3.22, 24);
INSERT INTO currency_rate (id, currency, last_update, rate_buy, rate_sell, bank_id) VALUES (237, 'RUB', '2023-06-13 11:40:38.210475', 2.70, 3.63, 24);
INSERT INTO currency_rate (id, currency, last_update, rate_buy, rate_sell, bank_id) VALUES (238, 'USD', '2023-06-13 11:40:38.213476', 2.95, 2.97, 25);
INSERT INTO currency_rate (id, currency, last_update, rate_buy, rate_sell, bank_id) VALUES (239, 'EUR', '2023-06-13 11:40:38.213476', 3.17, 3.21, 25);
INSERT INTO currency_rate (id, currency, last_update, rate_buy, rate_sell, bank_id) VALUES (240, 'RUB', '2023-06-13 11:40:38.213476', 2.70, 3.96, 25);
INSERT INTO currency_rate (id, currency, last_update, rate_buy, rate_sell, bank_id) VALUES (241, 'USD', '2023-06-13 11:40:38.215475', 2.96, 2.97, 26);
INSERT INTO currency_rate (id, currency, last_update, rate_buy, rate_sell, bank_id) VALUES (242, 'EUR', '2023-06-13 11:40:38.215475', 3.20, 3.21, 26);
INSERT INTO currency_rate (id, currency, last_update, rate_buy, rate_sell, bank_id) VALUES (243, 'RUB', '2023-06-13 11:40:38.215475', 2.70, 3.61, 26);
INSERT INTO currency_rate (id, currency, last_update, rate_buy, rate_sell, bank_id) VALUES (244, 'USD', '2023-06-13 11:40:38.218477', 2.93, 2.98, 27);
INSERT INTO currency_rate (id, currency, last_update, rate_buy, rate_sell, bank_id) VALUES (245, 'EUR', '2023-06-13 11:40:38.218477', 3.16, 3.23, 27);
INSERT INTO currency_rate (id, currency, last_update, rate_buy, rate_sell, bank_id) VALUES (246, 'RUB', '2023-06-13 11:40:38.218477', 2.70, 3.62, 27);
INSERT INTO currency_rate (id, currency, last_update, rate_buy, rate_sell, bank_id) VALUES (247, 'USD', '2023-06-13 11:40:38.221474', 2.94, 2.98, 28);
INSERT INTO currency_rate (id, currency, last_update, rate_buy, rate_sell, bank_id) VALUES (248, 'EUR', '2023-06-13 11:40:38.221474', 3.17, 3.22, 28);
INSERT INTO currency_rate (id, currency, last_update, rate_buy, rate_sell, bank_id) VALUES (249, 'RUB', '2023-06-13 11:40:38.221474', 2.70, 3.67, 28);
INSERT INTO currency_rate (id, currency, last_update, rate_buy, rate_sell, bank_id) VALUES (250, 'USD', '2023-06-13 16:12:46.725186', 2.96, 3.00, 1);
INSERT INTO currency_rate (id, currency, last_update, rate_buy, rate_sell, bank_id) VALUES (251, 'EUR', '2023-06-13 16:12:46.725186', 3.15, 3.23, 1);
INSERT INTO currency_rate (id, currency, last_update, rate_buy, rate_sell, bank_id) VALUES (252, 'RUB', '2023-06-13 16:12:46.725186', 2.70, 3.70, 1);
INSERT INTO currency_rate (id, currency, last_update, rate_buy, rate_sell, bank_id) VALUES (253, 'USD', '2023-06-13 16:12:46.776372', 2.97, 2.98, 2);
INSERT INTO currency_rate (id, currency, last_update, rate_buy, rate_sell, bank_id) VALUES (254, 'EUR', '2023-06-13 16:12:46.776372', 3.21, 3.22, 2);
INSERT INTO currency_rate (id, currency, last_update, rate_buy, rate_sell, bank_id) VALUES (255, 'RUB', '2023-06-13 16:12:46.776372', 2.70, 3.80, 2);
INSERT INTO currency_rate (id, currency, last_update, rate_buy, rate_sell, bank_id) VALUES (256, 'USD', '2023-06-13 16:12:46.783372', 2.95, 3.00, 3);
INSERT INTO currency_rate (id, currency, last_update, rate_buy, rate_sell, bank_id) VALUES (257, 'EUR', '2023-06-13 16:12:46.783372', 3.15, 3.23, 3);
INSERT INTO currency_rate (id, currency, last_update, rate_buy, rate_sell, bank_id) VALUES (258, 'RUB', '2023-06-13 16:12:46.783372', 2.70, 3.66, 3);
INSERT INTO currency_rate (id, currency, last_update, rate_buy, rate_sell, bank_id) VALUES (259, 'USD', '2023-06-13 16:12:46.789371', 2.97, 2.99, 4);
INSERT INTO currency_rate (id, currency, last_update, rate_buy, rate_sell, bank_id) VALUES (260, 'EUR', '2023-06-13 16:12:46.789371', 3.21, 3.25, 4);
INSERT INTO currency_rate (id, currency, last_update, rate_buy, rate_sell, bank_id) VALUES (261, 'RUB', '2023-06-13 16:12:46.789371', 2.70, 3.69, 4);
INSERT INTO currency_rate (id, currency, last_update, rate_buy, rate_sell, bank_id) VALUES (262, 'USD', '2023-06-13 16:12:46.795371', 2.96, 2.98, 5);
INSERT INTO currency_rate (id, currency, last_update, rate_buy, rate_sell, bank_id) VALUES (263, 'EUR', '2023-06-13 16:12:46.795371', 3.18, 3.22, 5);
INSERT INTO currency_rate (id, currency, last_update, rate_buy, rate_sell, bank_id) VALUES (264, 'RUB', '2023-06-13 16:12:46.795371', 2.70, 3.70, 5);
INSERT INTO currency_rate (id, currency, last_update, rate_buy, rate_sell, bank_id) VALUES (265, 'USD', '2023-06-13 16:12:46.800372', 2.97, 2.99, 6);
INSERT INTO currency_rate (id, currency, last_update, rate_buy, rate_sell, bank_id) VALUES (266, 'EUR', '2023-06-13 16:12:46.800372', 3.20, 3.23, 6);
INSERT INTO currency_rate (id, currency, last_update, rate_buy, rate_sell, bank_id) VALUES (267, 'USD', '2023-06-13 16:12:46.805372', 2.96, 2.98, 7);
INSERT INTO currency_rate (id, currency, last_update, rate_buy, rate_sell, bank_id) VALUES (268, 'EUR', '2023-06-13 16:12:46.805372', 3.19, 3.23, 7);
INSERT INTO currency_rate (id, currency, last_update, rate_buy, rate_sell, bank_id) VALUES (269, 'RUB', '2023-06-13 16:12:46.805372', 2.70, 3.96, 7);
INSERT INTO currency_rate (id, currency, last_update, rate_buy, rate_sell, bank_id) VALUES (270, 'USD', '2023-06-13 16:12:46.809371', 2.96, 2.98, 8);
INSERT INTO currency_rate (id, currency, last_update, rate_buy, rate_sell, bank_id) VALUES (271, 'EUR', '2023-06-13 16:12:46.809371', 3.19, 3.24, 8);
INSERT INTO currency_rate (id, currency, last_update, rate_buy, rate_sell, bank_id) VALUES (272, 'RUB', '2023-06-13 16:12:46.809371', 2.70, 3.63, 8);
INSERT INTO currency_rate (id, currency, last_update, rate_buy, rate_sell, bank_id) VALUES (273, 'USD', '2023-06-13 16:12:46.814372', 2.97, 2.99, 9);
INSERT INTO currency_rate (id, currency, last_update, rate_buy, rate_sell, bank_id) VALUES (274, 'EUR', '2023-06-13 16:12:46.814372', 3.20, 3.25, 9);
INSERT INTO currency_rate (id, currency, last_update, rate_buy, rate_sell, bank_id) VALUES (275, 'RUB', '2023-06-13 16:12:46.814372', 2.70, 3.70, 9);
INSERT INTO currency_rate (id, currency, last_update, rate_buy, rate_sell, bank_id) VALUES (276, 'USD', '2023-06-13 16:12:46.818371', 2.96, 2.98, 10);
INSERT INTO currency_rate (id, currency, last_update, rate_buy, rate_sell, bank_id) VALUES (277, 'EUR', '2023-06-13 16:12:46.818371', 3.17, 3.22, 10);
INSERT INTO currency_rate (id, currency, last_update, rate_buy, rate_sell, bank_id) VALUES (278, 'RUB', '2023-06-13 16:12:46.818371', 2.70, 3.70, 10);
INSERT INTO currency_rate (id, currency, last_update, rate_buy, rate_sell, bank_id) VALUES (279, 'USD', '2023-06-13 16:12:46.823371', 2.97, 2.98, 11);
INSERT INTO currency_rate (id, currency, last_update, rate_buy, rate_sell, bank_id) VALUES (280, 'EUR', '2023-06-13 16:12:46.823371', 3.20, 3.22, 11);
INSERT INTO currency_rate (id, currency, last_update, rate_buy, rate_sell, bank_id) VALUES (281, 'RUB', '2023-06-13 16:12:46.823371', 2.70, 3.60, 11);
INSERT INTO currency_rate (id, currency, last_update, rate_buy, rate_sell, bank_id) VALUES (282, 'USD', '2023-06-13 16:12:46.827371', 2.96, 2.98, 12);
INSERT INTO currency_rate (id, currency, last_update, rate_buy, rate_sell, bank_id) VALUES (283, 'EUR', '2023-06-13 16:12:46.827371', 3.17, 3.22, 12);
INSERT INTO currency_rate (id, currency, last_update, rate_buy, rate_sell, bank_id) VALUES (284, 'RUB', '2023-06-13 16:12:46.827371', 2.70, 3.67, 12);
INSERT INTO currency_rate (id, currency, last_update, rate_buy, rate_sell, bank_id) VALUES (285, 'USD', '2023-06-13 16:12:46.831371', 2.97, 2.99, 13);
INSERT INTO currency_rate (id, currency, last_update, rate_buy, rate_sell, bank_id) VALUES (286, 'EUR', '2023-06-13 16:12:46.831371', 3.20, 3.23, 13);
INSERT INTO currency_rate (id, currency, last_update, rate_buy, rate_sell, bank_id) VALUES (287, 'RUB', '2023-06-13 16:12:46.831371', 2.70, 3.62, 13);
INSERT INTO currency_rate (id, currency, last_update, rate_buy, rate_sell, bank_id) VALUES (288, 'USD', '2023-06-13 16:12:46.835372', 2.95, 2.99, 14);
INSERT INTO currency_rate (id, currency, last_update, rate_buy, rate_sell, bank_id) VALUES (289, 'EUR', '2023-06-13 16:12:46.835372', 3.17, 3.23, 14);
INSERT INTO currency_rate (id, currency, last_update, rate_buy, rate_sell, bank_id) VALUES (290, 'RUB', '2023-06-13 16:12:46.835372', 2.70, 3.70, 14);
INSERT INTO currency_rate (id, currency, last_update, rate_buy, rate_sell, bank_id) VALUES (291, 'USD', '2023-06-13 16:12:46.839373', 2.95, 2.99, 15);
INSERT INTO currency_rate (id, currency, last_update, rate_buy, rate_sell, bank_id) VALUES (292, 'EUR', '2023-06-13 16:12:46.839373', 3.19, 3.24, 15);
INSERT INTO currency_rate (id, currency, last_update, rate_buy, rate_sell, bank_id) VALUES (293, 'RUB', '2023-06-13 16:12:46.839373', 2.70, 3.63, 15);
INSERT INTO currency_rate (id, currency, last_update, rate_buy, rate_sell, bank_id) VALUES (294, 'USD', '2023-06-13 16:12:46.844371', 2.94, 2.99, 16);
INSERT INTO currency_rate (id, currency, last_update, rate_buy, rate_sell, bank_id) VALUES (295, 'EUR', '2023-06-13 16:12:46.844371', 3.10, 3.25, 16);
INSERT INTO currency_rate (id, currency, last_update, rate_buy, rate_sell, bank_id) VALUES (296, 'RUB', '2023-06-13 16:12:46.844371', 2.70, 3.61, 16);
INSERT INTO currency_rate (id, currency, last_update, rate_buy, rate_sell, bank_id) VALUES (297, 'USD', '2023-06-13 16:12:46.848373', 2.97, 2.99, 17);
INSERT INTO currency_rate (id, currency, last_update, rate_buy, rate_sell, bank_id) VALUES (298, 'EUR', '2023-06-13 16:12:46.848373', 3.17, 3.23, 17);
INSERT INTO currency_rate (id, currency, last_update, rate_buy, rate_sell, bank_id) VALUES (299, 'RUB', '2023-06-13 16:12:46.848373', 2.70, 3.63, 17);
INSERT INTO currency_rate (id, currency, last_update, rate_buy, rate_sell, bank_id) VALUES (300, 'USD', '2023-06-13 16:12:46.853372', 2.96, 3.00, 18);
INSERT INTO currency_rate (id, currency, last_update, rate_buy, rate_sell, bank_id) VALUES (301, 'EUR', '2023-06-13 16:12:46.853372', 3.17, 3.25, 18);
INSERT INTO currency_rate (id, currency, last_update, rate_buy, rate_sell, bank_id) VALUES (302, 'RUB', '2023-06-13 16:12:46.853372', 2.70, 3.63, 18);
INSERT INTO currency_rate (id, currency, last_update, rate_buy, rate_sell, bank_id) VALUES (303, 'USD', '2023-06-13 16:12:46.857371', 2.96, 3.00, 19);
INSERT INTO currency_rate (id, currency, last_update, rate_buy, rate_sell, bank_id) VALUES (304, 'EUR', '2023-06-13 16:12:46.857371', 3.15, 3.23, 19);
INSERT INTO currency_rate (id, currency, last_update, rate_buy, rate_sell, bank_id) VALUES (305, 'RUB', '2023-06-13 16:12:46.857371', 2.70, 3.62, 19);
INSERT INTO currency_rate (id, currency, last_update, rate_buy, rate_sell, bank_id) VALUES (306, 'USD', '2023-06-13 16:12:46.861371', 2.95, 2.99, 20);
INSERT INTO currency_rate (id, currency, last_update, rate_buy, rate_sell, bank_id) VALUES (307, 'EUR', '2023-06-13 16:12:46.861371', 3.10, 3.23, 20);
INSERT INTO currency_rate (id, currency, last_update, rate_buy, rate_sell, bank_id) VALUES (308, 'RUB', '2023-06-13 16:12:46.861371', 2.70, 3.63, 20);
INSERT INTO currency_rate (id, currency, last_update, rate_buy, rate_sell, bank_id) VALUES (309, 'USD', '2023-06-13 16:12:46.865372', 2.96, 3.00, 21);
INSERT INTO currency_rate (id, currency, last_update, rate_buy, rate_sell, bank_id) VALUES (310, 'EUR', '2023-06-13 16:12:46.865372', 3.19, 3.25, 21);
INSERT INTO currency_rate (id, currency, last_update, rate_buy, rate_sell, bank_id) VALUES (311, 'RUB', '2023-06-13 16:12:46.865372', 2.70, 3.66, 21);
INSERT INTO currency_rate (id, currency, last_update, rate_buy, rate_sell, bank_id) VALUES (312, 'USD', '2023-06-13 16:12:46.869372', 2.97, 2.98, 22);
INSERT INTO currency_rate (id, currency, last_update, rate_buy, rate_sell, bank_id) VALUES (313, 'EUR', '2023-06-13 16:12:46.869372', 3.20, 3.22, 22);
INSERT INTO currency_rate (id, currency, last_update, rate_buy, rate_sell, bank_id) VALUES (314, 'RUB', '2023-06-13 16:12:46.869372', 2.70, 3.60, 22);
INSERT INTO currency_rate (id, currency, last_update, rate_buy, rate_sell, bank_id) VALUES (315, 'USD', '2023-06-13 16:12:46.873373', 2.97, 2.99, 23);
INSERT INTO currency_rate (id, currency, last_update, rate_buy, rate_sell, bank_id) VALUES (316, 'EUR', '2023-06-13 16:12:46.873373', 3.20, 3.23, 23);
INSERT INTO currency_rate (id, currency, last_update, rate_buy, rate_sell, bank_id) VALUES (317, 'RUB', '2023-06-13 16:12:46.873373', 2.70, 3.61, 23);
INSERT INTO currency_rate (id, currency, last_update, rate_buy, rate_sell, bank_id) VALUES (318, 'USD', '2023-06-13 16:12:46.877372', 2.94, 3.00, 24);
INSERT INTO currency_rate (id, currency, last_update, rate_buy, rate_sell, bank_id) VALUES (319, 'EUR', '2023-06-13 16:12:46.877372', 3.16, 3.25, 24);
INSERT INTO currency_rate (id, currency, last_update, rate_buy, rate_sell, bank_id) VALUES (320, 'RUB', '2023-06-13 16:12:46.877372', 2.70, 3.62, 24);
INSERT INTO currency_rate (id, currency, last_update, rate_buy, rate_sell, bank_id) VALUES (321, 'USD', '2023-06-13 16:12:46.880373', 2.96, 2.98, 25);
INSERT INTO currency_rate (id, currency, last_update, rate_buy, rate_sell, bank_id) VALUES (322, 'EUR', '2023-06-13 16:12:46.880373', 3.19, 3.23, 25);
INSERT INTO currency_rate (id, currency, last_update, rate_buy, rate_sell, bank_id) VALUES (323, 'RUB', '2023-06-13 16:12:46.880373', 2.70, 3.96, 25);
INSERT INTO currency_rate (id, currency, last_update, rate_buy, rate_sell, bank_id) VALUES (324, 'USD', '2023-06-13 16:12:46.884373', 2.97, 2.98, 26);
INSERT INTO currency_rate (id, currency, last_update, rate_buy, rate_sell, bank_id) VALUES (325, 'EUR', '2023-06-13 16:12:46.884373', 3.21, 3.22, 26);
INSERT INTO currency_rate (id, currency, last_update, rate_buy, rate_sell, bank_id) VALUES (326, 'RUB', '2023-06-13 16:12:46.884373', 2.70, 3.60, 26);
INSERT INTO currency_rate (id, currency, last_update, rate_buy, rate_sell, bank_id) VALUES (327, 'USD', '2023-06-13 16:12:46.887371', 2.94, 3.00, 27);
INSERT INTO currency_rate (id, currency, last_update, rate_buy, rate_sell, bank_id) VALUES (328, 'EUR', '2023-06-13 16:12:46.887371', 3.16, 3.24, 27);
INSERT INTO currency_rate (id, currency, last_update, rate_buy, rate_sell, bank_id) VALUES (329, 'RUB', '2023-06-13 16:12:46.887371', 2.70, 3.62, 27);
INSERT INTO currency_rate (id, currency, last_update, rate_buy, rate_sell, bank_id) VALUES (330, 'USD', '2023-06-13 16:12:46.891372', 2.96, 2.98, 28);
INSERT INTO currency_rate (id, currency, last_update, rate_buy, rate_sell, bank_id) VALUES (331, 'EUR', '2023-06-13 16:12:46.891372', 3.17, 3.22, 28);
INSERT INTO currency_rate (id, currency, last_update, rate_buy, rate_sell, bank_id) VALUES (332, 'RUB', '2023-06-13 16:12:46.891372', 2.70, 3.67, 28);
INSERT INTO currency_rate (id, currency, last_update, rate_buy, rate_sell, bank_id) VALUES (416, 'USD', '2023-06-14 11:08:35.086830', 2.97, 3.01, 1);
INSERT INTO currency_rate (id, currency, last_update, rate_buy, rate_sell, bank_id) VALUES (417, 'EUR', '2023-06-14 11:08:35.086830', 3.17, 3.25, 1);
INSERT INTO currency_rate (id, currency, last_update, rate_buy, rate_sell, bank_id) VALUES (418, 'RUB', '2023-06-14 11:08:35.086830', 2.70, 3.70, 1);
INSERT INTO currency_rate (id, currency, last_update, rate_buy, rate_sell, bank_id) VALUES (419, 'USD', '2023-06-14 11:08:35.133356', 2.99, 3.00, 2);
INSERT INTO currency_rate (id, currency, last_update, rate_buy, rate_sell, bank_id) VALUES (420, 'EUR', '2023-06-14 11:08:35.133356', 3.22, 3.24, 2);
INSERT INTO currency_rate (id, currency, last_update, rate_buy, rate_sell, bank_id) VALUES (421, 'RUB', '2023-06-14 11:08:35.133356', 2.70, 3.80, 2);
INSERT INTO currency_rate (id, currency, last_update, rate_buy, rate_sell, bank_id) VALUES (422, 'USD', '2023-06-14 11:08:35.140356', 2.95, 3.00, 3);
INSERT INTO currency_rate (id, currency, last_update, rate_buy, rate_sell, bank_id) VALUES (423, 'EUR', '2023-06-14 11:08:35.140356', 3.16, 3.24, 3);
INSERT INTO currency_rate (id, currency, last_update, rate_buy, rate_sell, bank_id) VALUES (424, 'RUB', '2023-06-14 11:08:35.140356', 2.70, 3.66, 3);
INSERT INTO currency_rate (id, currency, last_update, rate_buy, rate_sell, bank_id) VALUES (425, 'USD', '2023-06-14 11:08:35.145355', 2.98, 3.00, 4);
INSERT INTO currency_rate (id, currency, last_update, rate_buy, rate_sell, bank_id) VALUES (426, 'EUR', '2023-06-14 11:08:35.145355', 3.22, 3.26, 4);
INSERT INTO currency_rate (id, currency, last_update, rate_buy, rate_sell, bank_id) VALUES (427, 'RUB', '2023-06-14 11:08:35.145355', 2.70, 3.69, 4);
INSERT INTO currency_rate (id, currency, last_update, rate_buy, rate_sell, bank_id) VALUES (428, 'USD', '2023-06-14 11:08:35.152357', 2.98, 3.00, 5);
INSERT INTO currency_rate (id, currency, last_update, rate_buy, rate_sell, bank_id) VALUES (429, 'EUR', '2023-06-14 11:08:35.152357', 3.20, 3.25, 5);
INSERT INTO currency_rate (id, currency, last_update, rate_buy, rate_sell, bank_id) VALUES (430, 'RUB', '2023-06-14 11:08:35.152357', 2.70, 3.70, 5);
INSERT INTO currency_rate (id, currency, last_update, rate_buy, rate_sell, bank_id) VALUES (431, 'USD', '2023-06-14 11:08:35.157357', 2.99, 3.02, 6);
INSERT INTO currency_rate (id, currency, last_update, rate_buy, rate_sell, bank_id) VALUES (432, 'EUR', '2023-06-14 11:08:35.157357', 3.22, 3.26, 6);
INSERT INTO currency_rate (id, currency, last_update, rate_buy, rate_sell, bank_id) VALUES (433, 'USD', '2023-06-14 11:08:35.161357', 2.98, 3.00, 7);
INSERT INTO currency_rate (id, currency, last_update, rate_buy, rate_sell, bank_id) VALUES (434, 'EUR', '2023-06-14 11:08:35.161357', 3.22, 3.25, 7);
INSERT INTO currency_rate (id, currency, last_update, rate_buy, rate_sell, bank_id) VALUES (435, 'RUB', '2023-06-14 11:08:35.161357', 2.70, 3.98, 7);
INSERT INTO currency_rate (id, currency, last_update, rate_buy, rate_sell, bank_id) VALUES (436, 'USD', '2023-06-14 11:08:35.167357', 2.98, 3.02, 8);
INSERT INTO currency_rate (id, currency, last_update, rate_buy, rate_sell, bank_id) VALUES (437, 'EUR', '2023-06-14 11:08:35.167357', 3.22, 3.26, 8);
INSERT INTO currency_rate (id, currency, last_update, rate_buy, rate_sell, bank_id) VALUES (438, 'RUB', '2023-06-14 11:08:35.167357', 2.70, 3.60, 8);
INSERT INTO currency_rate (id, currency, last_update, rate_buy, rate_sell, bank_id) VALUES (439, 'USD', '2023-06-14 11:08:35.171357', 2.99, 3.01, 9);
INSERT INTO currency_rate (id, currency, last_update, rate_buy, rate_sell, bank_id) VALUES (440, 'EUR', '2023-06-14 11:08:35.171357', 3.23, 3.27, 9);
INSERT INTO currency_rate (id, currency, last_update, rate_buy, rate_sell, bank_id) VALUES (441, 'RUB', '2023-06-14 11:08:35.171357', 2.70, 3.65, 9);
INSERT INTO currency_rate (id, currency, last_update, rate_buy, rate_sell, bank_id) VALUES (442, 'USD', '2023-06-14 11:08:35.175358', 2.97, 3.00, 10);
INSERT INTO currency_rate (id, currency, last_update, rate_buy, rate_sell, bank_id) VALUES (443, 'EUR', '2023-06-14 11:08:35.175358', 3.17, 3.25, 10);
INSERT INTO currency_rate (id, currency, last_update, rate_buy, rate_sell, bank_id) VALUES (444, 'RUB', '2023-06-14 11:08:35.175358', 2.70, 3.70, 10);
INSERT INTO currency_rate (id, currency, last_update, rate_buy, rate_sell, bank_id) VALUES (445, 'USD', '2023-06-14 11:08:35.180359', 2.99, 2.99, 11);
INSERT INTO currency_rate (id, currency, last_update, rate_buy, rate_sell, bank_id) VALUES (446, 'EUR', '2023-06-14 11:08:35.180359', 3.22, 3.24, 11);
INSERT INTO currency_rate (id, currency, last_update, rate_buy, rate_sell, bank_id) VALUES (447, 'RUB', '2023-06-14 11:08:35.180359', 2.70, 3.60, 11);
INSERT INTO currency_rate (id, currency, last_update, rate_buy, rate_sell, bank_id) VALUES (448, 'USD', '2023-06-14 11:08:35.184359', 2.97, 3.00, 12);
INSERT INTO currency_rate (id, currency, last_update, rate_buy, rate_sell, bank_id) VALUES (449, 'EUR', '2023-06-14 11:08:35.184359', 3.17, 3.25, 12);
INSERT INTO currency_rate (id, currency, last_update, rate_buy, rate_sell, bank_id) VALUES (450, 'RUB', '2023-06-14 11:08:35.184359', 2.70, 3.69, 12);
INSERT INTO currency_rate (id, currency, last_update, rate_buy, rate_sell, bank_id) VALUES (451, 'USD', '2023-06-14 11:08:35.188361', 2.98, 3.00, 13);
INSERT INTO currency_rate (id, currency, last_update, rate_buy, rate_sell, bank_id) VALUES (452, 'EUR', '2023-06-14 11:08:35.188361', 3.22, 3.24, 13);
INSERT INTO currency_rate (id, currency, last_update, rate_buy, rate_sell, bank_id) VALUES (453, 'RUB', '2023-06-14 11:08:35.188361', 2.70, 3.62, 13);
INSERT INTO currency_rate (id, currency, last_update, rate_buy, rate_sell, bank_id) VALUES (454, 'USD', '2023-06-14 11:08:35.191359', 2.97, 3.00, 14);
INSERT INTO currency_rate (id, currency, last_update, rate_buy, rate_sell, bank_id) VALUES (455, 'EUR', '2023-06-14 11:08:35.191359', 3.17, 3.25, 14);
INSERT INTO currency_rate (id, currency, last_update, rate_buy, rate_sell, bank_id) VALUES (456, 'RUB', '2023-06-14 11:08:35.191359', 2.70, 3.70, 14);
INSERT INTO currency_rate (id, currency, last_update, rate_buy, rate_sell, bank_id) VALUES (457, 'USD', '2023-06-14 11:08:35.195360', 2.98, 3.02, 15);
INSERT INTO currency_rate (id, currency, last_update, rate_buy, rate_sell, bank_id) VALUES (458, 'EUR', '2023-06-14 11:08:35.195360', 3.22, 3.26, 15);
INSERT INTO currency_rate (id, currency, last_update, rate_buy, rate_sell, bank_id) VALUES (459, 'RUB', '2023-06-14 11:08:35.195360', 2.70, 3.60, 15);
INSERT INTO currency_rate (id, currency, last_update, rate_buy, rate_sell, bank_id) VALUES (460, 'USD', '2023-06-14 11:08:35.200360', 2.97, 3.00, 16);
INSERT INTO currency_rate (id, currency, last_update, rate_buy, rate_sell, bank_id) VALUES (461, 'EUR', '2023-06-14 11:08:35.200360', 3.10, 3.26, 16);
INSERT INTO currency_rate (id, currency, last_update, rate_buy, rate_sell, bank_id) VALUES (462, 'RUB', '2023-06-14 11:08:35.200360', 2.70, 3.60, 16);
INSERT INTO currency_rate (id, currency, last_update, rate_buy, rate_sell, bank_id) VALUES (463, 'USD', '2023-06-14 11:08:35.204362', 2.98, 3.00, 17);
INSERT INTO currency_rate (id, currency, last_update, rate_buy, rate_sell, bank_id) VALUES (464, 'EUR', '2023-06-14 11:08:35.204362', 3.17, 3.25, 17);
INSERT INTO currency_rate (id, currency, last_update, rate_buy, rate_sell, bank_id) VALUES (465, 'RUB', '2023-06-14 11:08:35.204362', 2.70, 3.63, 17);
INSERT INTO currency_rate (id, currency, last_update, rate_buy, rate_sell, bank_id) VALUES (466, 'USD', '2023-06-14 11:08:35.208360', 2.96, 3.03, 18);
INSERT INTO currency_rate (id, currency, last_update, rate_buy, rate_sell, bank_id) VALUES (467, 'EUR', '2023-06-14 11:08:35.208360', 3.17, 3.26, 18);
INSERT INTO currency_rate (id, currency, last_update, rate_buy, rate_sell, bank_id) VALUES (468, 'RUB', '2023-06-14 11:08:35.208360', 2.70, 3.63, 18);
INSERT INTO currency_rate (id, currency, last_update, rate_buy, rate_sell, bank_id) VALUES (469, 'USD', '2023-06-14 11:08:35.212360', 2.97, 3.00, 19);
INSERT INTO currency_rate (id, currency, last_update, rate_buy, rate_sell, bank_id) VALUES (470, 'EUR', '2023-06-14 11:08:35.212360', 3.15, 3.23, 19);
INSERT INTO currency_rate (id, currency, last_update, rate_buy, rate_sell, bank_id) VALUES (471, 'RUB', '2023-06-14 11:08:35.212360', 2.70, 3.62, 19);
INSERT INTO currency_rate (id, currency, last_update, rate_buy, rate_sell, bank_id) VALUES (472, 'USD', '2023-06-14 11:08:35.216361', 2.96, 3.00, 20);
INSERT INTO currency_rate (id, currency, last_update, rate_buy, rate_sell, bank_id) VALUES (473, 'EUR', '2023-06-14 11:08:35.216361', 3.10, 3.25, 20);
INSERT INTO currency_rate (id, currency, last_update, rate_buy, rate_sell, bank_id) VALUES (474, 'RUB', '2023-06-14 11:08:35.216361', 2.70, 3.62, 20);
INSERT INTO currency_rate (id, currency, last_update, rate_buy, rate_sell, bank_id) VALUES (475, 'USD', '2023-06-14 11:08:35.219361', 2.97, 3.01, 21);
INSERT INTO currency_rate (id, currency, last_update, rate_buy, rate_sell, bank_id) VALUES (476, 'EUR', '2023-06-14 11:08:35.219361', 3.21, 3.26, 21);
INSERT INTO currency_rate (id, currency, last_update, rate_buy, rate_sell, bank_id) VALUES (477, 'RUB', '2023-06-14 11:08:35.219361', 2.70, 3.63, 21);
INSERT INTO currency_rate (id, currency, last_update, rate_buy, rate_sell, bank_id) VALUES (478, 'USD', '2023-06-14 11:08:35.222361', 2.99, 2.99, 22);
INSERT INTO currency_rate (id, currency, last_update, rate_buy, rate_sell, bank_id) VALUES (479, 'EUR', '2023-06-14 11:08:35.222361', 3.22, 3.24, 22);
INSERT INTO currency_rate (id, currency, last_update, rate_buy, rate_sell, bank_id) VALUES (480, 'RUB', '2023-06-14 11:08:35.222361', 2.70, 3.59, 22);
INSERT INTO currency_rate (id, currency, last_update, rate_buy, rate_sell, bank_id) VALUES (481, 'USD', '2023-06-14 11:08:35.225362', 2.99, 3.00, 23);
INSERT INTO currency_rate (id, currency, last_update, rate_buy, rate_sell, bank_id) VALUES (482, 'EUR', '2023-06-14 11:08:35.225362', 3.22, 3.24, 23);
INSERT INTO currency_rate (id, currency, last_update, rate_buy, rate_sell, bank_id) VALUES (483, 'RUB', '2023-06-14 11:08:35.225362', 2.70, 3.59, 23);
INSERT INTO currency_rate (id, currency, last_update, rate_buy, rate_sell, bank_id) VALUES (484, 'USD', '2023-06-14 11:08:35.228362', 2.97, 3.02, 24);
INSERT INTO currency_rate (id, currency, last_update, rate_buy, rate_sell, bank_id) VALUES (485, 'EUR', '2023-06-14 11:08:35.228362', 3.19, 3.25, 24);
INSERT INTO currency_rate (id, currency, last_update, rate_buy, rate_sell, bank_id) VALUES (486, 'RUB', '2023-06-14 11:08:35.228362', 2.70, 3.62, 24);
INSERT INTO currency_rate (id, currency, last_update, rate_buy, rate_sell, bank_id) VALUES (487, 'USD', '2023-06-14 11:08:35.232363', 2.98, 3.00, 25);
INSERT INTO currency_rate (id, currency, last_update, rate_buy, rate_sell, bank_id) VALUES (488, 'EUR', '2023-06-14 11:08:35.232363', 3.22, 3.25, 25);
INSERT INTO currency_rate (id, currency, last_update, rate_buy, rate_sell, bank_id) VALUES (489, 'RUB', '2023-06-14 11:08:35.232363', 2.70, 3.98, 25);
INSERT INTO currency_rate (id, currency, last_update, rate_buy, rate_sell, bank_id) VALUES (490, 'USD', '2023-06-14 11:08:35.235362', 2.99, 3.00, 26);
INSERT INTO currency_rate (id, currency, last_update, rate_buy, rate_sell, bank_id) VALUES (491, 'EUR', '2023-06-14 11:08:35.235362', 3.22, 3.24, 26);
INSERT INTO currency_rate (id, currency, last_update, rate_buy, rate_sell, bank_id) VALUES (492, 'RUB', '2023-06-14 11:08:35.235362', 2.70, 3.59, 26);
INSERT INTO currency_rate (id, currency, last_update, rate_buy, rate_sell, bank_id) VALUES (493, 'USD', '2023-06-14 11:08:35.238362', 2.95, 3.02, 27);
INSERT INTO currency_rate (id, currency, last_update, rate_buy, rate_sell, bank_id) VALUES (494, 'EUR', '2023-06-14 11:08:35.238362', 3.16, 3.26, 27);
INSERT INTO currency_rate (id, currency, last_update, rate_buy, rate_sell, bank_id) VALUES (495, 'RUB', '2023-06-14 11:08:35.238362', 2.70, 3.60, 27);
INSERT INTO currency_rate (id, currency, last_update, rate_buy, rate_sell, bank_id) VALUES (496, 'USD', '2023-06-14 11:08:35.248363', 2.97, 3.00, 28);
INSERT INTO currency_rate (id, currency, last_update, rate_buy, rate_sell, bank_id) VALUES (497, 'EUR', '2023-06-14 11:08:35.248363', 3.17, 3.25, 28);
INSERT INTO currency_rate (id, currency, last_update, rate_buy, rate_sell, bank_id) VALUES (498, 'RUB', '2023-06-14 11:08:35.248363', 2.70, 3.69, 28);
INSERT INTO currency_rate (id, currency, last_update, rate_buy, rate_sell, bank_id) VALUES (499, 'USD', '2023-06-15 08:54:01.117596', 2.97, 3.02, 1);
INSERT INTO currency_rate (id, currency, last_update, rate_buy, rate_sell, bank_id) VALUES (500, 'EUR', '2023-06-15 08:54:01.117596', 3.17, 3.26, 1);
INSERT INTO currency_rate (id, currency, last_update, rate_buy, rate_sell, bank_id) VALUES (501, 'RUB', '2023-06-15 08:54:01.117596', 2.70, 3.69, 1);
INSERT INTO currency_rate (id, currency, last_update, rate_buy, rate_sell, bank_id) VALUES (502, 'USD', '2023-06-15 08:54:01.159608', 2.98, 2.99, 2);
INSERT INTO currency_rate (id, currency, last_update, rate_buy, rate_sell, bank_id) VALUES (503, 'EUR', '2023-06-15 08:54:01.159608', 3.23, 3.24, 2);
INSERT INTO currency_rate (id, currency, last_update, rate_buy, rate_sell, bank_id) VALUES (504, 'RUB', '2023-06-15 08:54:01.159608', 2.70, 3.80, 2);
INSERT INTO currency_rate (id, currency, last_update, rate_buy, rate_sell, bank_id) VALUES (505, 'USD', '2023-06-15 08:54:01.167607', 2.96, 3.01, 3);
INSERT INTO currency_rate (id, currency, last_update, rate_buy, rate_sell, bank_id) VALUES (506, 'EUR', '2023-06-15 08:54:01.167607', 3.17, 3.25, 3);
INSERT INTO currency_rate (id, currency, last_update, rate_buy, rate_sell, bank_id) VALUES (507, 'RUB', '2023-06-15 08:54:01.167607', 2.70, 3.65, 3);
INSERT INTO currency_rate (id, currency, last_update, rate_buy, rate_sell, bank_id) VALUES (508, 'USD', '2023-06-15 08:54:01.172606', 2.97, 2.99, 4);
INSERT INTO currency_rate (id, currency, last_update, rate_buy, rate_sell, bank_id) VALUES (509, 'EUR', '2023-06-15 08:54:01.172606', 3.23, 3.26, 4);
INSERT INTO currency_rate (id, currency, last_update, rate_buy, rate_sell, bank_id) VALUES (510, 'RUB', '2023-06-15 08:54:01.172606', 2.70, 3.69, 4);
INSERT INTO currency_rate (id, currency, last_update, rate_buy, rate_sell, bank_id) VALUES (511, 'USD', '2023-06-15 08:54:01.179607', 2.97, 2.99, 5);
INSERT INTO currency_rate (id, currency, last_update, rate_buy, rate_sell, bank_id) VALUES (512, 'EUR', '2023-06-15 08:54:01.179607', 3.20, 3.25, 5);
INSERT INTO currency_rate (id, currency, last_update, rate_buy, rate_sell, bank_id) VALUES (513, 'RUB', '2023-06-15 08:54:01.179607', 2.70, 3.70, 5);
INSERT INTO currency_rate (id, currency, last_update, rate_buy, rate_sell, bank_id) VALUES (514, 'USD', '2023-06-15 08:54:01.184607', 2.98, 3.00, 6);
INSERT INTO currency_rate (id, currency, last_update, rate_buy, rate_sell, bank_id) VALUES (515, 'EUR', '2023-06-15 08:54:01.184607', 3.20, 3.25, 6);
INSERT INTO currency_rate (id, currency, last_update, rate_buy, rate_sell, bank_id) VALUES (516, 'USD', '2023-06-15 08:54:01.189606', 2.98, 2.99, 7);
INSERT INTO currency_rate (id, currency, last_update, rate_buy, rate_sell, bank_id) VALUES (517, 'EUR', '2023-06-15 08:54:01.189606', 3.21, 3.26, 7);
INSERT INTO currency_rate (id, currency, last_update, rate_buy, rate_sell, bank_id) VALUES (518, 'RUB', '2023-06-15 08:54:01.189606', 2.70, 3.99, 7);
INSERT INTO currency_rate (id, currency, last_update, rate_buy, rate_sell, bank_id) VALUES (519, 'USD', '2023-06-15 08:54:01.193607', 2.98, 3.01, 8);
INSERT INTO currency_rate (id, currency, last_update, rate_buy, rate_sell, bank_id) VALUES (520, 'EUR', '2023-06-15 08:54:01.193607', 3.21, 3.26, 8);
INSERT INTO currency_rate (id, currency, last_update, rate_buy, rate_sell, bank_id) VALUES (521, 'RUB', '2023-06-15 08:54:01.193607', 2.70, 3.61, 8);
INSERT INTO currency_rate (id, currency, last_update, rate_buy, rate_sell, bank_id) VALUES (522, 'USD', '2023-06-15 08:54:01.198607', 2.98, 3.00, 9);
INSERT INTO currency_rate (id, currency, last_update, rate_buy, rate_sell, bank_id) VALUES (523, 'EUR', '2023-06-15 08:54:01.198607', 3.23, 3.27, 9);
INSERT INTO currency_rate (id, currency, last_update, rate_buy, rate_sell, bank_id) VALUES (524, 'RUB', '2023-06-15 08:54:01.198607', 2.70, 3.65, 9);
INSERT INTO currency_rate (id, currency, last_update, rate_buy, rate_sell, bank_id) VALUES (525, 'USD', '2023-06-15 08:54:01.202811', 2.97, 2.99, 10);
INSERT INTO currency_rate (id, currency, last_update, rate_buy, rate_sell, bank_id) VALUES (526, 'EUR', '2023-06-15 08:54:01.202811', 3.18, 3.25, 10);
INSERT INTO currency_rate (id, currency, last_update, rate_buy, rate_sell, bank_id) VALUES (527, 'RUB', '2023-06-15 08:54:01.202811', 2.70, 3.70, 10);
INSERT INTO currency_rate (id, currency, last_update, rate_buy, rate_sell, bank_id) VALUES (528, 'USD', '2023-06-15 08:54:01.207056', 2.98, 3.00, 11);
INSERT INTO currency_rate (id, currency, last_update, rate_buy, rate_sell, bank_id) VALUES (529, 'EUR', '2023-06-15 08:54:01.207056', 3.23, 3.25, 11);
INSERT INTO currency_rate (id, currency, last_update, rate_buy, rate_sell, bank_id) VALUES (530, 'RUB', '2023-06-15 08:54:01.207056', 2.70, 3.60, 11);
INSERT INTO currency_rate (id, currency, last_update, rate_buy, rate_sell, bank_id) VALUES (531, 'USD', '2023-06-15 08:54:01.211065', 2.97, 2.99, 12);
INSERT INTO currency_rate (id, currency, last_update, rate_buy, rate_sell, bank_id) VALUES (532, 'EUR', '2023-06-15 08:54:01.211065', 3.18, 3.25, 12);
INSERT INTO currency_rate (id, currency, last_update, rate_buy, rate_sell, bank_id) VALUES (533, 'RUB', '2023-06-15 08:54:01.211065', 2.70, 3.68, 12);
INSERT INTO currency_rate (id, currency, last_update, rate_buy, rate_sell, bank_id) VALUES (534, 'USD', '2023-06-15 08:54:01.215280', 2.97, 2.99, 13);
INSERT INTO currency_rate (id, currency, last_update, rate_buy, rate_sell, bank_id) VALUES (535, 'EUR', '2023-06-15 08:54:01.215280', 3.21, 3.24, 13);
INSERT INTO currency_rate (id, currency, last_update, rate_buy, rate_sell, bank_id) VALUES (536, 'RUB', '2023-06-15 08:54:01.215280', 2.70, 3.62, 13);
INSERT INTO currency_rate (id, currency, last_update, rate_buy, rate_sell, bank_id) VALUES (537, 'USD', '2023-06-15 08:54:01.219289', 2.96, 2.99, 14);
INSERT INTO currency_rate (id, currency, last_update, rate_buy, rate_sell, bank_id) VALUES (538, 'EUR', '2023-06-15 08:54:01.219289', 3.18, 3.24, 14);
INSERT INTO currency_rate (id, currency, last_update, rate_buy, rate_sell, bank_id) VALUES (539, 'RUB', '2023-06-15 08:54:01.219289', 2.70, 3.70, 14);
INSERT INTO currency_rate (id, currency, last_update, rate_buy, rate_sell, bank_id) VALUES (540, 'USD', '2023-06-15 08:54:01.223289', 2.98, 3.01, 15);
INSERT INTO currency_rate (id, currency, last_update, rate_buy, rate_sell, bank_id) VALUES (541, 'EUR', '2023-06-15 08:54:01.223289', 3.21, 3.26, 15);
INSERT INTO currency_rate (id, currency, last_update, rate_buy, rate_sell, bank_id) VALUES (542, 'RUB', '2023-06-15 08:54:01.223289', 2.70, 3.61, 15);
INSERT INTO currency_rate (id, currency, last_update, rate_buy, rate_sell, bank_id) VALUES (543, 'USD', '2023-06-15 08:54:01.227289', 2.97, 3.00, 16);
INSERT INTO currency_rate (id, currency, last_update, rate_buy, rate_sell, bank_id) VALUES (544, 'EUR', '2023-06-15 08:54:01.227289', 3.10, 3.26, 16);
INSERT INTO currency_rate (id, currency, last_update, rate_buy, rate_sell, bank_id) VALUES (545, 'RUB', '2023-06-15 08:54:01.227289', 2.70, 3.60, 16);
INSERT INTO currency_rate (id, currency, last_update, rate_buy, rate_sell, bank_id) VALUES (546, 'USD', '2023-06-15 08:54:01.231289', 2.96, 3.00, 17);
INSERT INTO currency_rate (id, currency, last_update, rate_buy, rate_sell, bank_id) VALUES (547, 'EUR', '2023-06-15 08:54:01.231289', 3.18, 3.26, 17);
INSERT INTO currency_rate (id, currency, last_update, rate_buy, rate_sell, bank_id) VALUES (548, 'RUB', '2023-06-15 08:54:01.231289', 2.70, 3.65, 17);
INSERT INTO currency_rate (id, currency, last_update, rate_buy, rate_sell, bank_id) VALUES (549, 'USD', '2023-06-15 08:54:01.235289', 2.96, 3.01, 18);
INSERT INTO currency_rate (id, currency, last_update, rate_buy, rate_sell, bank_id) VALUES (550, 'EUR', '2023-06-15 08:54:01.235289', 3.17, 3.26, 18);
INSERT INTO currency_rate (id, currency, last_update, rate_buy, rate_sell, bank_id) VALUES (551, 'RUB', '2023-06-15 08:54:01.235289', 2.70, 3.63, 18);
INSERT INTO currency_rate (id, currency, last_update, rate_buy, rate_sell, bank_id) VALUES (552, 'USD', '2023-06-15 08:54:01.239290', 2.96, 3.00, 19);
INSERT INTO currency_rate (id, currency, last_update, rate_buy, rate_sell, bank_id) VALUES (553, 'EUR', '2023-06-15 08:54:01.239290', 3.18, 3.25, 19);
INSERT INTO currency_rate (id, currency, last_update, rate_buy, rate_sell, bank_id) VALUES (554, 'RUB', '2023-06-15 08:54:01.239290', 2.70, 3.60, 19);
INSERT INTO currency_rate (id, currency, last_update, rate_buy, rate_sell, bank_id) VALUES (555, 'USD', '2023-06-15 08:54:01.242290', 2.97, 3.00, 20);
INSERT INTO currency_rate (id, currency, last_update, rate_buy, rate_sell, bank_id) VALUES (556, 'EUR', '2023-06-15 08:54:01.242290', 3.10, 3.24, 20);
INSERT INTO currency_rate (id, currency, last_update, rate_buy, rate_sell, bank_id) VALUES (557, 'RUB', '2023-06-15 08:54:01.242290', 2.70, 3.62, 20);
INSERT INTO currency_rate (id, currency, last_update, rate_buy, rate_sell, bank_id) VALUES (558, 'USD', '2023-06-15 08:54:01.245289', 2.97, 3.02, 21);
INSERT INTO currency_rate (id, currency, last_update, rate_buy, rate_sell, bank_id) VALUES (559, 'EUR', '2023-06-15 08:54:01.245289', 3.20, 3.27, 21);
INSERT INTO currency_rate (id, currency, last_update, rate_buy, rate_sell, bank_id) VALUES (560, 'RUB', '2023-06-15 08:54:01.245289', 2.70, 3.64, 21);
INSERT INTO currency_rate (id, currency, last_update, rate_buy, rate_sell, bank_id) VALUES (561, 'USD', '2023-06-15 08:54:01.248290', 2.98, 3.00, 22);
INSERT INTO currency_rate (id, currency, last_update, rate_buy, rate_sell, bank_id) VALUES (562, 'EUR', '2023-06-15 08:54:01.248290', 3.23, 3.25, 22);
INSERT INTO currency_rate (id, currency, last_update, rate_buy, rate_sell, bank_id) VALUES (563, 'RUB', '2023-06-15 08:54:01.248290', 2.70, 3.60, 22);
INSERT INTO currency_rate (id, currency, last_update, rate_buy, rate_sell, bank_id) VALUES (564, 'USD', '2023-06-15 08:54:01.251289', 2.98, 2.99, 23);
INSERT INTO currency_rate (id, currency, last_update, rate_buy, rate_sell, bank_id) VALUES (565, 'EUR', '2023-06-15 08:54:01.251289', 3.23, 3.25, 23);
INSERT INTO currency_rate (id, currency, last_update, rate_buy, rate_sell, bank_id) VALUES (566, 'RUB', '2023-06-15 08:54:01.251289', 2.70, 3.60, 23);
INSERT INTO currency_rate (id, currency, last_update, rate_buy, rate_sell, bank_id) VALUES (567, 'USD', '2023-06-15 08:54:01.254291', 2.96, 3.02, 24);
INSERT INTO currency_rate (id, currency, last_update, rate_buy, rate_sell, bank_id) VALUES (568, 'EUR', '2023-06-15 08:54:01.254291', 3.18, 3.24, 24);
INSERT INTO currency_rate (id, currency, last_update, rate_buy, rate_sell, bank_id) VALUES (569, 'RUB', '2023-06-15 08:54:01.254291', 2.70, 3.63, 24);
INSERT INTO currency_rate (id, currency, last_update, rate_buy, rate_sell, bank_id) VALUES (570, 'USD', '2023-06-15 08:54:01.257289', 2.98, 2.99, 25);
INSERT INTO currency_rate (id, currency, last_update, rate_buy, rate_sell, bank_id) VALUES (571, 'EUR', '2023-06-15 08:54:01.257289', 3.21, 3.26, 25);
INSERT INTO currency_rate (id, currency, last_update, rate_buy, rate_sell, bank_id) VALUES (572, 'RUB', '2023-06-15 08:54:01.257289', 2.70, 3.99, 25);
INSERT INTO currency_rate (id, currency, last_update, rate_buy, rate_sell, bank_id) VALUES (573, 'USD', '2023-06-15 08:54:01.260290', 2.98, 3.01, 26);
INSERT INTO currency_rate (id, currency, last_update, rate_buy, rate_sell, bank_id) VALUES (574, 'EUR', '2023-06-15 08:54:01.260290', 3.23, 3.26, 26);
INSERT INTO currency_rate (id, currency, last_update, rate_buy, rate_sell, bank_id) VALUES (575, 'RUB', '2023-06-15 08:54:01.260290', 2.70, 3.60, 26);
INSERT INTO currency_rate (id, currency, last_update, rate_buy, rate_sell, bank_id) VALUES (576, 'USD', '2023-06-15 08:54:01.263290', 2.95, 3.01, 27);
INSERT INTO currency_rate (id, currency, last_update, rate_buy, rate_sell, bank_id) VALUES (577, 'EUR', '2023-06-15 08:54:01.263290', 3.17, 3.26, 27);
INSERT INTO currency_rate (id, currency, last_update, rate_buy, rate_sell, bank_id) VALUES (578, 'RUB', '2023-06-15 08:54:01.263290', 2.70, 3.60, 27);
INSERT INTO currency_rate (id, currency, last_update, rate_buy, rate_sell, bank_id) VALUES (579, 'USD', '2023-06-15 08:54:01.266289', 2.97, 2.99, 28);
INSERT INTO currency_rate (id, currency, last_update, rate_buy, rate_sell, bank_id) VALUES (580, 'EUR', '2023-06-15 08:54:01.266289', 3.18, 3.25, 28);
INSERT INTO currency_rate (id, currency, last_update, rate_buy, rate_sell, bank_id) VALUES (581, 'RUB', '2023-06-15 08:54:01.266289', 2.70, 3.68, 28);